
> website@0.1.0 lint
> eslint


/Users/sondre/Documents/App/speed-swift/website/.vercel/output/functions/[locale]/about.func/___next_launcher.cjs
  11:26  error  A `require()` style import is forbidden  @typescript-eslint/no-require-imports
  46:18  error  A `require()` style import is forbidden  @typescript-eslint/no-require-imports

/Users/sondre/Documents/App/speed-swift/website/.vercel/output/functions/_global-error.rsc.func/___next_launcher.cjs
  11:26  error  A `require()` style import is forbidden  @typescript-eslint/no-require-imports
  46:18  error  A `require()` style import is forbidden  @typescript-eslint/no-require-imports

/Users/sondre/Documents/App/speed-swift/website/.vercel/output/functions/_middleware.func/___next_launcher.cjs
   11:26  error  A `require()` style import is forbidden  @typescript-eslint/no-require-imports
  108:32  error  A `require()` style import is forbidden  @typescript-eslint/no-require-imports
  109:24  error  A `require()` style import is forbidden  @typescript-eslint/no-require-imports

/Users/sondre/Documents/App/speed-swift/website/.vercel/output/functions/api/admin/analytics/revenuecat.func/___next_launcher.cjs
  11:26  error  A `require()` style import is forbidden  @typescript-eslint/no-require-imports
  46:18  error  A `require()` style import is forbidden  @typescript-eslint/no-require-imports

/Users/sondre/Documents/App/speed-swift/website/.vercel/output/functions/favicon.ico.rsc.func/___next_launcher.cjs
  11:26  error  A `require()` style import is forbidden  @typescript-eslint/no-require-imports
  46:18  error  A `require()` style import is forbidden  @typescript-eslint/no-require-imports

/Users/sondre/Documents/App/speed-swift/website/.vercel/output/static/_next/static/2Az3h8pQCwx4_AccXIJJB/_buildManifest.js
  16:3  warning  Expected an assignment or function call and instead saw an expression  @typescript-eslint/no-unused-expressions

/Users/sondre/Documents/App/speed-swift/website/.vercel/output/static/_next/static/2Az3h8pQCwx4_AccXIJJB/_clientMiddlewareManifest.js
  14:3  warning  Expected an assignment or function call and instead saw an expression  @typescript-eslint/no-unused-expressions

/Users/sondre/Documents/App/speed-swift/website/.vercel/output/static/_next/static/2Az3h8pQCwx4_AccXIJJB/_ssgManifest.js
  1:33  warning  Expected an assignment or function call and instead saw an expression  @typescript-eslint/no-unused-expressions

/Users/sondre/Documents/App/speed-swift/website/.vercel/output/static/_next/static/chunks/07m6kp0zlk59h.js
  1:9649   warning  Expected an assignment or function call and instead saw an expression  @typescript-eslint/no-unused-expressions
  1:9915   warning  Expected an assignment or function call and instead saw an expression  @typescript-eslint/no-unused-expressions
  1:10173  warning  Expected an assignment or function call and instead saw an expression  @typescript-eslint/no-unused-expressions
  1:10525  warning  Expected an assignment or function call and instead saw an expression  @typescript-eslint/no-unused-expressions
  1:10843  warning  Expected an assignment or function call and instead saw an expression  @typescript-eslint/no-unused-expressions

/Users/sondre/Documents/App/speed-swift/website/.vercel/output/static/_next/static/chunks/0cz1d0mv5g_q7.js
  1:1       warning  Expected an assignment or function call and instead saw an expression  @typescript-eslint/no-unused-expressions
  1:532     warning  't' is defined but never used                                          @typescript-eslint/no-unused-vars
  1:1923    warning  Expected an assignment or function call and instead saw an expression  @typescript-eslint/no-unused-expressions
  1:2443    warning  't' is defined but never used                                          @typescript-eslint/no-unused-vars
  1:2708    warning  'r' is defined but never used                                          @typescript-eslint/no-unused-vars
  1:4295    warning  't' is defined but never used                                          @typescript-eslint/no-unused-vars
  1:4803    warning  Expected an assignment or function call and instead saw an expression  @typescript-eslint/no-unused-expressions
  1:4998    warning  't' is defined but never used                                          @typescript-eslint/no-unused-vars
  1:5395    warning  Expected an assignment or function call and instead saw an expression  @typescript-eslint/no-unused-expressions
  1:5721    warning  Expected an assignment or function call and instead saw an expression  @typescript-eslint/no-unused-expressions
  1:5937    warning  Expected an assignment or function call and instead saw an expression  @typescript-eslint/no-unused-expressions
  1:6593    warning  Expected an assignment or function call and instead saw an expression  @typescript-eslint/no-unused-expressions
  1:6877    warning  Expected an assignment or function call and instead saw an expression  @typescript-eslint/no-unused-expressions
  1:6989    warning  't' is defined but never used                                          @typescript-eslint/no-unused-vars
  1:7188    warning  Expected an assignment or function call and instead saw an expression  @typescript-eslint/no-unused-expressions
  1:7272    warning  Expected an assignment or function call and instead saw an expression  @typescript-eslint/no-unused-expressions
  1:7298    warning  Expected an assignment or function call and instead saw an expression  @typescript-eslint/no-unused-expressions
  1:7338    warning  't' is defined but never used                                          @typescript-eslint/no-unused-vars
  1:7342    warning  Expected an assignment or function call and instead saw an expression  @typescript-eslint/no-unused-expressions
  1:8113    warning  Expected an assignment or function call and instead saw an expression  @typescript-eslint/no-unused-expressions
  1:8158    warning  Expected an assignment or function call and instead saw an expression  @typescript-eslint/no-unused-expressions
  1:8635    warning  Expected an assignment or function call and instead saw an expression  @typescript-eslint/no-unused-expressions
  1:9168    warning  Expected an assignment or function call and instead saw an expression  @typescript-eslint/no-unused-expressions
  1:9563    warning  Expected an assignment or function call and instead saw an expression  @typescript-eslint/no-unused-expressions
  1:9691    warning  't' is defined but never used                                          @typescript-eslint/no-unused-vars
  1:10194   warning  Expected an assignment or function call and instead saw an expression  @typescript-eslint/no-unused-expressions
  1:10287   warning  Expected an assignment or function call and instead saw an expression  @typescript-eslint/no-unused-expressions
  1:10802   warning  Expected an assignment or function call and instead saw an expression  @typescript-eslint/no-unused-expressions
  1:10847   warning  Expected an assignment or function call and instead saw an expression  @typescript-eslint/no-unused-expressions
  1:11656   warning  't' is defined but never used                                          @typescript-eslint/no-unused-vars
  1:11902   warning  't' is defined but never used                                          @typescript-eslint/no-unused-vars
  1:12081   warning  't' is defined but never used                                          @typescript-eslint/no-unused-vars
  1:12957   warning  Expected an assignment or function call and instead saw an expression  @typescript-eslint/no-unused-expressions
  1:13182   warning  Expected an assignment or function call and instead saw an expression  @typescript-eslint/no-unused-expressions
  1:13552   warning  Expected an assignment or function call and instead saw an expression  @typescript-eslint/no-unused-expressions
  1:13667   warning  Expected an assignment or function call and instead saw an expression  @typescript-eslint/no-unused-expressions
  1:14857   warning  Expected an assignment or function call and instead saw an expression  @typescript-eslint/no-unused-expressions
  1:15006   warning  Expected an assignment or function call and instead saw an expression  @typescript-eslint/no-unused-expressions
  1:15167   warning  Expected an assignment or function call and instead saw an expression  @typescript-eslint/no-unused-expressions
  1:15485   warning  't' is defined but never used                                          @typescript-eslint/no-unused-vars
  1:15705   warning  Expected an assignment or function call and instead saw an expression  @typescript-eslint/no-unused-expressions
  1:15781   warning  't' is defined but never used                                          @typescript-eslint/no-unused-vars
  1:16640   warning  Expected an assignment or function call and instead saw an expression  @typescript-eslint/no-unused-expressions
  1:17180   warning  Expected an assignment or function call and instead saw an expression  @typescript-eslint/no-unused-expressions
  1:17442   warning  Expected an assignment or function call and instead saw an expression  @typescript-eslint/no-unused-expressions
  1:17790   warning  Expected an assignment or function call and instead saw an expression  @typescript-eslint/no-unused-expressions
  1:17921   warning  Expected an assignment or function call and instead saw an expression  @typescript-eslint/no-unused-expressions
  1:18015   warning  Expected an assignment or function call and instead saw an expression  @typescript-eslint/no-unused-expressions
  1:18185   warning  Expected an assignment or function call and instead saw an expression  @typescript-eslint/no-unused-expressions
  1:18257   warning  't' is defined but never used                                          @typescript-eslint/no-unused-vars
  1:18312   warning  't' is defined but never used                                          @typescript-eslint/no-unused-vars
  1:18346   warning  Expected an assignment or function call and instead saw an expression  @typescript-eslint/no-unused-expressions
  1:18418   warning  't' is defined but never used                                          @typescript-eslint/no-unused-vars
  1:18585   warning  Expected an assignment or function call and instead saw an expression  @typescript-eslint/no-unused-expressions
  1:19227   warning  't' is defined but never used                                          @typescript-eslint/no-unused-vars
  1:19231   warning  Expected an assignment or function call and instead saw an expression  @typescript-eslint/no-unused-expressions
  1:19646   warning  Expected an assignment or function call and instead saw an expression  @typescript-eslint/no-unused-expressions
  1:20042   warning  Expected an assignment or function call and instead saw an expression  @typescript-eslint/no-unused-expressions
  1:20131   warning  't' is defined but never used                                          @typescript-eslint/no-unused-vars
  1:20355   warning  't' is defined but never used                                          @typescript-eslint/no-unused-vars
  1:20464   warning  Expected an assignment or function call and instead saw an expression  @typescript-eslint/no-unused-expressions
  1:20871   warning  Expected an assignment or function call and instead saw an expression  @typescript-eslint/no-unused-expressions
  1:20929   warning  Expected an assignment or function call and instead saw an expression  @typescript-eslint/no-unused-expressions
  1:21479   warning  Expected an assignment or function call and instead saw an expression  @typescript-eslint/no-unused-expressions
  1:22850   warning  Expected an assignment or function call and instead saw an expression  @typescript-eslint/no-unused-expressions
  1:23069   warning  Expected an assignment or function call and instead saw an expression  @typescript-eslint/no-unused-expressions
  1:23478   warning  Expected an assignment or function call and instead saw an expression  @typescript-eslint/no-unused-expressions
  1:23647   warning  Expected an assignment or function call and instead saw an expression  @typescript-eslint/no-unused-expressions
  1:24191   warning  Expected an assignment or function call and instead saw an expression  @typescript-eslint/no-unused-expressions
  1:24259   warning  Expected an assignment or function call and instead saw an expression  @typescript-eslint/no-unused-expressions
  1:24343   error    Unexpected aliasing of 'this' to local variable                        @typescript-eslint/no-this-alias
  1:24398   warning  Expected an assignment or function call and instead saw an expression  @typescript-eslint/no-unused-expressions
  1:25034   warning  Expected an assignment or function call and instead saw an expression  @typescript-eslint/no-unused-expressions
  1:25763   warning  Expected an assignment or function call and instead saw an expression  @typescript-eslint/no-unused-expressions
  1:25829   warning  Expected an assignment or function call and instead saw an expression  @typescript-eslint/no-unused-expressions
  1:26576   warning  'e' is defined but never used                                          @typescript-eslint/no-unused-vars
  1:26664   warning  'e' is defined but never used                                          @typescript-eslint/no-unused-vars
  1:26958   warning  Expected an assignment or function call and instead saw an expression  @typescript-eslint/no-unused-expressions
  1:27165   warning  Expected an assignment or function call and instead saw an expression  @typescript-eslint/no-unused-expressions
  1:27449   warning  Expected an assignment or function call and instead saw an expression  @typescript-eslint/no-unused-expressions
  1:28217   warning  Expected an assignment or function call and instead saw an expression  @typescript-eslint/no-unused-expressions
  1:28379   warning  Expected an assignment or function call and instead saw an expression  @typescript-eslint/no-unused-expressions
  1:28975   warning  Expected an assignment or function call and instead saw an expression  @typescript-eslint/no-unused-expressions
  1:29774   warning  't' is defined but never used                                          @typescript-eslint/no-unused-vars
  1:29913   warning  Expected an assignment or function call and instead saw an expression  @typescript-eslint/no-unused-expressions
  1:30065   warning  Expected an assignment or function call and instead saw an expression  @typescript-eslint/no-unused-expressions
  1:30913   warning  Expected an assignment or function call and instead saw an expression  @typescript-eslint/no-unused-expressions
  1:31892   warning  Expected an assignment or function call and instead saw an expression  @typescript-eslint/no-unused-expressions
  1:31924   warning  Expected an assignment or function call and instead saw an expression  @typescript-eslint/no-unused-expressions
  1:32078   error    Unexpected aliasing of 'this' to local variable                        @typescript-eslint/no-this-alias
  1:32133   warning  Expected an assignment or function call and instead saw an expression  @typescript-eslint/no-unused-expressions
  1:32482   warning  Expected an assignment or function call and instead saw an expression  @typescript-eslint/no-unused-expressions
  1:32833   warning  Expected an assignment or function call and instead saw an expression  @typescript-eslint/no-unused-expressions
  1:32957   warning  Expected an assignment or function call and instead saw an expression  @typescript-eslint/no-unused-expressions
  1:34054   warning  Expected an assignment or function call and instead saw an expression  @typescript-eslint/no-unused-expressions
  1:34168   warning  Expected an assignment or function call and instead saw an expression  @typescript-eslint/no-unused-expressions
  1:34365   warning  Expected an assignment or function call and instead saw an expression  @typescript-eslint/no-unused-expressions
  1:34648   warning  Expected an assignment or function call and instead saw an expression  @typescript-eslint/no-unused-expressions
  1:35769   warning  Expected an assignment or function call and instead saw an expression  @typescript-eslint/no-unused-expressions
  1:36361   warning  't' is defined but never used                                          @typescript-eslint/no-unused-vars
  1:36584   warning  Expected an assignment or function call and instead saw an expression  @typescript-eslint/no-unused-expressions
  1:37311   warning  't' is defined but never used                                          @typescript-eslint/no-unused-vars
  1:37448   warning  Expected an assignment or function call and instead saw an expression  @typescript-eslint/no-unused-expressions
  1:37722   warning  Expected an assignment or function call and instead saw an expression  @typescript-eslint/no-unused-expressions
  1:37887   warning  Expected an assignment or function call and instead saw an expression  @typescript-eslint/no-unused-expressions
  1:37927   warning  't' is defined but never used                                          @typescript-eslint/no-unused-vars
  1:38381   warning  Expected an assignment or function call and instead saw an expression  @typescript-eslint/no-unused-expressions
  1:38591   warning  Expected an assignment or function call and instead saw an expression  @typescript-eslint/no-unused-expressions
  1:39522   warning  Expected an assignment or function call and instead saw an expression  @typescript-eslint/no-unused-expressions
  1:40081   warning  Expected an assignment or function call and instead saw an expression  @typescript-eslint/no-unused-expressions
  1:40189   warning  Expected an assignment or function call and instead saw an expression  @typescript-eslint/no-unused-expressions
  1:41801   warning  Expected an assignment or function call and instead saw an expression  @typescript-eslint/no-unused-expressions
  1:43725   warning  Expected an assignment or function call and instead saw an expression  @typescript-eslint/no-unused-expressions
  1:45027   warning  Expected an assignment or function call and instead saw an expression  @typescript-eslint/no-unused-expressions
  1:45147   warning  Expected an assignment or function call and instead saw an expression  @typescript-eslint/no-unused-expressions
  1:45192   warning  Expected an assignment or function call and instead saw an expression  @typescript-eslint/no-unused-expressions
  1:45370   warning  Expected an assignment or function call and instead saw an expression  @typescript-eslint/no-unused-expressions
  1:45570   warning  't' is defined but never used                                          @typescript-eslint/no-unused-vars
  1:45632   warning  Expected an assignment or function call and instead saw an expression  @typescript-eslint/no-unused-expressions
  1:45775   warning  Expected an assignment or function call and instead saw an expression  @typescript-eslint/no-unused-expressions
  1:45991   warning  Expected an assignment or function call and instead saw an expression  @typescript-eslint/no-unused-expressions
  1:46479   warning  Expected an assignment or function call and instead saw an expression  @typescript-eslint/no-unused-expressions
  1:46535   error    Unexpected aliasing of 'this' to local variable                        @typescript-eslint/no-this-alias
  1:47202   warning  Expected an assignment or function call and instead saw an expression  @typescript-eslint/no-unused-expressions
  1:47427   warning  Expected an assignment or function call and instead saw an expression  @typescript-eslint/no-unused-expressions
  1:47474   warning  'e' is defined but never used                                          @typescript-eslint/no-unused-vars
  1:47871   warning  Expected an assignment or function call and instead saw an expression  @typescript-eslint/no-unused-expressions
  1:48858   warning  Expected an assignment or function call and instead saw an expression  @typescript-eslint/no-unused-expressions
  1:48900   warning  Expected an assignment or function call and instead saw an expression  @typescript-eslint/no-unused-expressions
  1:49484   warning  Expected an assignment or function call and instead saw an expression  @typescript-eslint/no-unused-expressions
  1:50380   warning  Expected an assignment or function call and instead saw an expression  @typescript-eslint/no-unused-expressions
  1:50664   warning  Expected an assignment or function call and instead saw an expression  @typescript-eslint/no-unused-expressions
  1:50694   warning  Expected an assignment or function call and instead saw an expression  @typescript-eslint/no-unused-expressions
  1:50773   warning  Expected an assignment or function call and instead saw an expression  @typescript-eslint/no-unused-expressions
  1:51027   warning  Expected an assignment or function call and instead saw an expression  @typescript-eslint/no-unused-expressions
  1:51091   warning  Expected an assignment or function call and instead saw an expression  @typescript-eslint/no-unused-expressions
  1:51375   warning  Expected an assignment or function call and instead saw an expression  @typescript-eslint/no-unused-expressions
  1:53004   warning  Expected an assignment or function call and instead saw an expression  @typescript-eslint/no-unused-expressions
  1:53656   warning  Expected an assignment or function call and instead saw an expression  @typescript-eslint/no-unused-expressions
  1:53715   warning  Expected an assignment or function call and instead saw an expression  @typescript-eslint/no-unused-expressions
  1:53997   warning  Expected an assignment or function call and instead saw an expression  @typescript-eslint/no-unused-expressions
  1:54704   warning  Expected an assignment or function call and instead saw an expression  @typescript-eslint/no-unused-expressions
  1:55161   warning  Expected an assignment or function call and instead saw an expression  @typescript-eslint/no-unused-expressions
  1:55217   warning  Expected an assignment or function call and instead saw an expression  @typescript-eslint/no-unused-expressions
  1:55443   warning  't' is defined but never used                                          @typescript-eslint/no-unused-vars
  1:55462   warning  't' is defined but never used                                          @typescript-eslint/no-unused-vars
  1:55685   warning  Expected an assignment or function call and instead saw an expression  @typescript-eslint/no-unused-expressions
  1:55721   warning  Expected an assignment or function call and instead saw an expression  @typescript-eslint/no-unused-expressions
  1:56800   warning  Expected an assignment or function call and instead saw an expression  @typescript-eslint/no-unused-expressions
  1:57035   warning  Expected an assignment or function call and instead saw an expression  @typescript-eslint/no-unused-expressions
  1:57406   warning  Expected an assignment or function call and instead saw an expression  @typescript-eslint/no-unused-expressions
  1:57530   warning  Expected an assignment or function call and instead saw an expression  @typescript-eslint/no-unused-expressions
  1:58129   warning  Expected an assignment or function call and instead saw an expression  @typescript-eslint/no-unused-expressions
  1:58289   warning  Expected an assignment or function call and instead saw an expression  @typescript-eslint/no-unused-expressions
  1:59307   warning  Expected an assignment or function call and instead saw an expression  @typescript-eslint/no-unused-expressions
  1:59457   warning  Expected an assignment or function call and instead saw an expression  @typescript-eslint/no-unused-expressions
  1:60316   warning  't' is defined but never used                                          @typescript-eslint/no-unused-vars
  1:60461   warning  Expected an assignment or function call and instead saw an expression  @typescript-eslint/no-unused-expressions
  1:60487   warning  Expected an assignment or function call and instead saw an expression  @typescript-eslint/no-unused-expressions
  1:60599   warning  Expected an assignment or function call and instead saw an expression  @typescript-eslint/no-unused-expressions
  1:60717   warning  Expected an assignment or function call and instead saw an expression  @typescript-eslint/no-unused-expressions
  1:60743   warning  't' is defined but never used                                          @typescript-eslint/no-unused-vars
  1:61111   warning  Expected an assignment or function call and instead saw an expression  @typescript-eslint/no-unused-expressions
  1:61387   warning  Expected an assignment or function call and instead saw an expression  @typescript-eslint/no-unused-expressions
  1:61674   warning  Expected an assignment or function call and instead saw an expression  @typescript-eslint/no-unused-expressions
  1:62055   warning  Expected an assignment or function call and instead saw an expression  @typescript-eslint/no-unused-expressions
  1:62161   warning  Expected an assignment or function call and instead saw an expression  @typescript-eslint/no-unused-expressions
  1:62203   warning  Expected an assignment or function call and instead saw an expression  @typescript-eslint/no-unused-expressions
  1:62398   warning  Expected an assignment or function call and instead saw an expression  @typescript-eslint/no-unused-expressions
  1:64364   warning  Expected an assignment or function call and instead saw an expression  @typescript-eslint/no-unused-expressions
  1:64819   warning  Expected an assignment or function call and instead saw an expression  @typescript-eslint/no-unused-expressions
  1:64892   warning  't' is defined but never used                                          @typescript-eslint/no-unused-vars
  1:64894   warning  'e' is defined but never used                                          @typescript-eslint/no-unused-vars
  1:64896   warning  'r' is defined but never used                                          @typescript-eslint/no-unused-vars
  1:65022   warning  Expected an assignment or function call and instead saw an expression  @typescript-eslint/no-unused-expressions
  1:65421   warning  Expected an assignment or function call and instead saw an expression  @typescript-eslint/no-unused-expressions
  1:65636   warning  Expected an assignment or function call and instead saw an expression  @typescript-eslint/no-unused-expressions
  1:65844   warning  Expected an assignment or function call and instead saw an expression  @typescript-eslint/no-unused-expressions
  1:66158   warning  Expected an assignment or function call and instead saw an expression  @typescript-eslint/no-unused-expressions
  1:66285   warning  Expected an assignment or function call and instead saw an expression  @typescript-eslint/no-unused-expressions
  1:66488   warning  Expected an assignment or function call and instead saw an expression  @typescript-eslint/no-unused-expressions
  1:66757   warning  't' is defined but never used                                          @typescript-eslint/no-unused-vars
  1:67006   warning  Expected an assignment or function call and instead saw an expression  @typescript-eslint/no-unused-expressions
  1:67030   warning  't' is defined but never used                                          @typescript-eslint/no-unused-vars
  1:67157   warning  't' is defined but never used                                          @typescript-eslint/no-unused-vars
  1:67171   warning  Expected an assignment or function call and instead saw an expression  @typescript-eslint/no-unused-expressions
  1:67534   warning  Expected an assignment or function call and instead saw an expression  @typescript-eslint/no-unused-expressions
  1:67812   warning  'r' is defined but never used                                          @typescript-eslint/no-unused-vars
  1:67853   warning  't' is defined but never used                                          @typescript-eslint/no-unused-vars
  1:68006   warning  Expected an assignment or function call and instead saw an expression  @typescript-eslint/no-unused-expressions
  1:68413   warning  't' is defined but never used                                          @typescript-eslint/no-unused-vars
  1:68643   warning  Expected an assignment or function call and instead saw an expression  @typescript-eslint/no-unused-expressions
  1:68926   warning  Expected an assignment or function call and instead saw an expression  @typescript-eslint/no-unused-expressions
  1:69086   warning  Expected an assignment or function call and instead saw an expression  @typescript-eslint/no-unused-expressions
  1:69260   warning  Expected an assignment or function call and instead saw an expression  @typescript-eslint/no-unused-expressions
  1:69429   warning  Expected an assignment or function call and instead saw an expression  @typescript-eslint/no-unused-expressions
  1:69672   warning  Expected an assignment or function call and instead saw an expression  @typescript-eslint/no-unused-expressions
  1:70078   warning  Expected an assignment or function call and instead saw an expression  @typescript-eslint/no-unused-expressions
  1:70346   warning  Expected an assignment or function call and instead saw an expression  @typescript-eslint/no-unused-expressions
  1:70831   warning  Expected an assignment or function call and instead saw an expression  @typescript-eslint/no-unused-expressions
  1:71466   warning  Expected an assignment or function call and instead saw an expression  @typescript-eslint/no-unused-expressions
  1:72605   warning  Expected an assignment or function call and instead saw an expression  @typescript-eslint/no-unused-expressions
  1:72650   warning  Expected an assignment or function call and instead saw an expression  @typescript-eslint/no-unused-expressions
  1:72722   warning  Expected an assignment or function call and instead saw an expression  @typescript-eslint/no-unused-expressions
  1:72852   warning  Expected an assignment or function call and instead saw an expression  @typescript-eslint/no-unused-expressions
  1:72914   warning  Expected an assignment or function call and instead saw an expression  @typescript-eslint/no-unused-expressions
  1:72939   warning  Expected an assignment or function call and instead saw an expression  @typescript-eslint/no-unused-expressions
  1:73433   warning  Expected an assignment or function call and instead saw an expression  @typescript-eslint/no-unused-expressions
  1:73611   warning  Expected an assignment or function call and instead saw an expression  @typescript-eslint/no-unused-expressions
  1:73934   warning  Expected an assignment or function call and instead saw an expression  @typescript-eslint/no-unused-expressions
  1:74056   warning  Expected an assignment or function call and instead saw an expression  @typescript-eslint/no-unused-expressions
  1:74199   warning  Expected an assignment or function call and instead saw an expression  @typescript-eslint/no-unused-expressions
  1:74276   warning  Expected an assignment or function call and instead saw an expression  @typescript-eslint/no-unused-expressions
  1:74352   warning  Expected an assignment or function call and instead saw an expression  @typescript-eslint/no-unused-expressions
  1:74474   warning  Expected an assignment or function call and instead saw an expression  @typescript-eslint/no-unused-expressions
  1:74569   warning  Expected an assignment or function call and instead saw an expression  @typescript-eslint/no-unused-expressions
  1:74897   warning  Expected an assignment or function call and instead saw an expression  @typescript-eslint/no-unused-expressions
  1:75185   warning  Expected an assignment or function call and instead saw an expression  @typescript-eslint/no-unused-expressions
  1:75556   warning  Expected an assignment or function call and instead saw an expression  @typescript-eslint/no-unused-expressions
  1:75607   warning  Expected an assignment or function call and instead saw an expression  @typescript-eslint/no-unused-expressions
  1:75702   warning  Expected an assignment or function call and instead saw an expression  @typescript-eslint/no-unused-expressions
  1:76872   warning  Expected an assignment or function call and instead saw an expression  @typescript-eslint/no-unused-expressions
  1:77142   warning  Expected an assignment or function call and instead saw an expression  @typescript-eslint/no-unused-expressions
  1:77315   warning  Expected an assignment or function call and instead saw an expression  @typescript-eslint/no-unused-expressions
  1:77424   warning  Expected an assignment or function call and instead saw an expression  @typescript-eslint/no-unused-expressions
  1:77482   warning  Expected an assignment or function call and instead saw an expression  @typescript-eslint/no-unused-expressions
  1:77651   warning  Expected an assignment or function call and instead saw an expression  @typescript-eslint/no-unused-expressions
  1:77962   warning  Expected an assignment or function call and instead saw an expression  @typescript-eslint/no-unused-expressions
  1:78471   warning  'e' is defined but never used                                          @typescript-eslint/no-unused-vars
  1:78606   warning  Expected an assignment or function call and instead saw an expression  @typescript-eslint/no-unused-expressions
  1:79039   warning  Expected an assignment or function call and instead saw an expression  @typescript-eslint/no-unused-expressions
  1:79214   warning  Expected an assignment or function call and instead saw an expression  @typescript-eslint/no-unused-expressions
  1:79364   warning  Expected an assignment or function call and instead saw an expression  @typescript-eslint/no-unused-expressions
  1:79464   warning  Expected an assignment or function call and instead saw an expression  @typescript-eslint/no-unused-expressions
  1:79701   warning  Expected an assignment or function call and instead saw an expression  @typescript-eslint/no-unused-expressions
  1:79737   warning  Expected an assignment or function call and instead saw an expression  @typescript-eslint/no-unused-expressions
  1:79778   warning  Expected an assignment or function call and instead saw an expression  @typescript-eslint/no-unused-expressions
  1:80500   warning  Expected an assignment or function call and instead saw an expression  @typescript-eslint/no-unused-expressions
  1:80629   warning  Expected an assignment or function call and instead saw an expression  @typescript-eslint/no-unused-expressions
  1:80719   warning  Expected an assignment or function call and instead saw an expression  @typescript-eslint/no-unused-expressions
  1:81693   warning  Expected an assignment or function call and instead saw an expression  @typescript-eslint/no-unused-expressions
  1:81805   error    Unexpected aliasing of 'this' to local variable                        @typescript-eslint/no-this-alias
  1:82124   warning  Expected an assignment or function call and instead saw an expression  @typescript-eslint/no-unused-expressions
  1:82237   warning  Expected an assignment or function call and instead saw an expression  @typescript-eslint/no-unused-expressions
  1:82463   warning  Expected an assignment or function call and instead saw an expression  @typescript-eslint/no-unused-expressions
  1:82711   warning  Expected an assignment or function call and instead saw an expression  @typescript-eslint/no-unused-expressions
  1:82893   warning  Expected an assignment or function call and instead saw an expression  @typescript-eslint/no-unused-expressions
  1:82989   warning  Expected an assignment or function call and instead saw an expression  @typescript-eslint/no-unused-expressions
  1:83157   warning  Expected an assignment or function call and instead saw an expression  @typescript-eslint/no-unused-expressions
  1:83280   warning  Expected an assignment or function call and instead saw an expression  @typescript-eslint/no-unused-expressions
  1:83400   warning  Expected an assignment or function call and instead saw an expression  @typescript-eslint/no-unused-expressions
  1:83589   warning  Expected an assignment or function call and instead saw an expression  @typescript-eslint/no-unused-expressions
  1:83826   warning  Expected an assignment or function call and instead saw an expression  @typescript-eslint/no-unused-expressions
  1:83923   warning  Expected an assignment or function call and instead saw an expression  @typescript-eslint/no-unused-expressions
  1:84075   warning  Expected an assignment or function call and instead saw an expression  @typescript-eslint/no-unused-expressions
  1:84409   warning  Expected an assignment or function call and instead saw an expression  @typescript-eslint/no-unused-expressions
  1:84665   warning  Expected an assignment or function call and instead saw an expression  @typescript-eslint/no-unused-expressions
  1:84876   warning  Expected an assignment or function call and instead saw an expression  @typescript-eslint/no-unused-expressions
  1:84938   warning  Expected an assignment or function call and instead saw an expression  @typescript-eslint/no-unused-expressions
  1:85000   warning  Expected an assignment or function call and instead saw an expression  @typescript-eslint/no-unused-expressions
  1:85081   warning  Expected an assignment or function call and instead saw an expression  @typescript-eslint/no-unused-expressions
  1:85213   warning  Expected an assignment or function call and instead saw an expression  @typescript-eslint/no-unused-expressions
  1:85521   warning  Expected an assignment or function call and instead saw an expression  @typescript-eslint/no-unused-expressions
  1:85686   warning  Expected an assignment or function call and instead saw an expression  @typescript-eslint/no-unused-expressions
  1:85710   warning  Expected an assignment or function call and instead saw an expression  @typescript-eslint/no-unused-expressions
  1:86182   warning  Expected an assignment or function call and instead saw an expression  @typescript-eslint/no-unused-expressions
  1:86269   warning  Expected an assignment or function call and instead saw an expression  @typescript-eslint/no-unused-expressions
  1:86368   warning  Expected an assignment or function call and instead saw an expression  @typescript-eslint/no-unused-expressions
  1:86494   warning  Expected an assignment or function call and instead saw an expression  @typescript-eslint/no-unused-expressions
  1:86754   warning  Expected an assignment or function call and instead saw an expression  @typescript-eslint/no-unused-expressions
  1:86833   warning  Expected an assignment or function call and instead saw an expression  @typescript-eslint/no-unused-expressions
  1:87088   warning  Expected an assignment or function call and instead saw an expression  @typescript-eslint/no-unused-expressions
  1:87230   warning  Expected an assignment or function call and instead saw an expression  @typescript-eslint/no-unused-expressions
  1:87279   warning  Expected an assignment or function call and instead saw an expression  @typescript-eslint/no-unused-expressions
  1:88429   warning  Expected an assignment or function call and instead saw an expression  @typescript-eslint/no-unused-expressions
  1:88512   error    Unexpected aliasing of 'this' to local variable                        @typescript-eslint/no-this-alias
  1:89035   warning  't' is defined but never used                                          @typescript-eslint/no-unused-vars
  1:89749   warning  Expected an assignment or function call and instead saw an expression  @typescript-eslint/no-unused-expressions
  1:89879   warning  Expected an assignment or function call and instead saw an expression  @typescript-eslint/no-unused-expressions
  1:90001   warning  Expected an assignment or function call and instead saw an expression  @typescript-eslint/no-unused-expressions
  1:90214   warning  Expected an assignment or function call and instead saw an expression  @typescript-eslint/no-unused-expressions
  1:90349   warning  Expected an assignment or function call and instead saw an expression  @typescript-eslint/no-unused-expressions
  1:90606   warning  Expected an assignment or function call and instead saw an expression  @typescript-eslint/no-unused-expressions
  1:90878   warning  Expected an assignment or function call and instead saw an expression  @typescript-eslint/no-unused-expressions
  1:92059   warning  Expected an assignment or function call and instead saw an expression  @typescript-eslint/no-unused-expressions
  1:92137   warning  Expected an assignment or function call and instead saw an expression  @typescript-eslint/no-unused-expressions
  1:92492   warning  't' is defined but never used                                          @typescript-eslint/no-unused-vars
  1:92524   warning  Expected an assignment or function call and instead saw an expression  @typescript-eslint/no-unused-expressions
  1:92699   warning  't' is defined but never used                                          @typescript-eslint/no-unused-vars
  1:92998   warning  Expected an assignment or function call and instead saw an expression  @typescript-eslint/no-unused-expressions
  1:93356   warning  Expected an assignment or function call and instead saw an expression  @typescript-eslint/no-unused-expressions
  1:93484   warning  Expected an assignment or function call and instead saw an expression  @typescript-eslint/no-unused-expressions
  1:93999   warning  Expected an assignment or function call and instead saw an expression  @typescript-eslint/no-unused-expressions
  1:94127   warning  Expected an assignment or function call and instead saw an expression  @typescript-eslint/no-unused-expressions
  1:94645   warning  Expected an assignment or function call and instead saw an expression  @typescript-eslint/no-unused-expressions
  1:95086   warning  Expected an assignment or function call and instead saw an expression  @typescript-eslint/no-unused-expressions
  1:95881   warning  Expected an assignment or function call and instead saw an expression  @typescript-eslint/no-unused-expressions
  1:96030   warning  Expected an assignment or function call and instead saw an expression  @typescript-eslint/no-unused-expressions
  1:96566   warning  Expected an assignment or function call and instead saw an expression  @typescript-eslint/no-unused-expressions
  1:96668   warning  Expected an assignment or function call and instead saw an expression  @typescript-eslint/no-unused-expressions
  1:96766   warning  Expected an assignment or function call and instead saw an expression  @typescript-eslint/no-unused-expressions
  1:97263   warning  Expected an assignment or function call and instead saw an expression  @typescript-eslint/no-unused-expressions
  1:97277   warning  Expected an assignment or function call and instead saw an expression  @typescript-eslint/no-unused-expressions
  1:97589   warning  Expected an assignment or function call and instead saw an expression  @typescript-eslint/no-unused-expressions
  1:98186   warning  Expected an assignment or function call and instead saw an expression  @typescript-eslint/no-unused-expressions
  1:98285   warning  Expected an assignment or function call and instead saw an expression  @typescript-eslint/no-unused-expressions
  1:98793   warning  Expected an assignment or function call and instead saw an expression  @typescript-eslint/no-unused-expressions
  1:98978   warning  Expected an assignment or function call and instead saw an expression  @typescript-eslint/no-unused-expressions
  1:99018   warning  Expected an assignment or function call and instead saw an expression  @typescript-eslint/no-unused-expressions
  1:99102   warning  Expected an assignment or function call and instead saw an expression  @typescript-eslint/no-unused-expressions
  1:99170   warning  Expected an assignment or function call and instead saw an expression  @typescript-eslint/no-unused-expressions
  1:99337   warning  Expected an assignment or function call and instead saw an expression  @typescript-eslint/no-unused-expressions
  1:99400   warning  't' is defined but never used                                          @typescript-eslint/no-unused-vars
  1:99527   warning  Expected an assignment or function call and instead saw an expression  @typescript-eslint/no-unused-expressions
  1:99727   warning  Expected an assignment or function call and instead saw an expression  @typescript-eslint/no-unused-expressions
  1:99864   warning  Expected an assignment or function call and instead saw an expression  @typescript-eslint/no-unused-expressions
  1:99954   warning  Expected an assignment or function call and instead saw an expression  @typescript-eslint/no-unused-expressions
  1:100054  warning  Expected an assignment or function call and instead saw an expression  @typescript-eslint/no-unused-expressions
  1:100225  warning  Expected an assignment or function call and instead saw an expression  @typescript-eslint/no-unused-expressions
  1:100325  warning  't' is defined but never used                                          @typescript-eslint/no-unused-vars
  1:100690  warning  Expected an assignment or function call and instead saw an expression  @typescript-eslint/no-unused-expressions
  1:100843  warning  Expected an assignment or function call and instead saw an expression  @typescript-eslint/no-unused-expressions
  1:100889  error    Unexpected aliasing of 'this' to local variable                        @typescript-eslint/no-this-alias
  1:100994  warning  't' is defined but never used                                          @typescript-eslint/no-unused-vars
  1:100998  warning  Expected an assignment or function call and instead saw an expression  @typescript-eslint/no-unused-expressions
  1:101012  warning  Expected an assignment or function call and instead saw an expression  @typescript-eslint/no-unused-expressions
  1:101232  error    Unexpected aliasing of 'this' to local variable                        @typescript-eslint/no-this-alias
  1:101320  warning  Expected an assignment or function call and instead saw an expression  @typescript-eslint/no-unused-expressions
  1:101352  warning  Expected an assignment or function call and instead saw an expression  @typescript-eslint/no-unused-expressions
  1:101382  warning  Expected an assignment or function call and instead saw an expression  @typescript-eslint/no-unused-expressions
  1:101647  warning  Expected an assignment or function call and instead saw an expression  @typescript-eslint/no-unused-expressions
  1:101692  warning  Expected an assignment or function call and instead saw an expression  @typescript-eslint/no-unused-expressions
  1:101754  error    Unexpected aliasing of 'this' to local variable                        @typescript-eslint/no-this-alias
  1:102140  warning  Expected an assignment or function call and instead saw an expression  @typescript-eslint/no-unused-expressions
  1:102302  error    Unexpected aliasing of 'this' to local variable                        @typescript-eslint/no-this-alias
  1:102390  warning  Expected an assignment or function call and instead saw an expression  @typescript-eslint/no-unused-expressions
  1:102422  warning  Expected an assignment or function call and instead saw an expression  @typescript-eslint/no-unused-expressions
  1:102452  warning  Expected an assignment or function call and instead saw an expression  @typescript-eslint/no-unused-expressions
  1:102519  warning  Expected an assignment or function call and instead saw an expression  @typescript-eslint/no-unused-expressions
  1:102662  warning  Expected an assignment or function call and instead saw an expression  @typescript-eslint/no-unused-expressions
  1:102723  error    Unexpected aliasing of 'this' to local variable                        @typescript-eslint/no-this-alias
  1:102838  warning  Expected an assignment or function call and instead saw an expression  @typescript-eslint/no-unused-expressions
  1:102870  warning  Expected an assignment or function call and instead saw an expression  @typescript-eslint/no-unused-expressions
  1:102900  warning  Expected an assignment or function call and instead saw an expression  @typescript-eslint/no-unused-expressions
  1:102931  warning  Expected an assignment or function call and instead saw an expression  @typescript-eslint/no-unused-expressions
  1:103566  warning  Expected an assignment or function call and instead saw an expression  @typescript-eslint/no-unused-expressions
  1:103714  warning  Expected an assignment or function call and instead saw an expression  @typescript-eslint/no-unused-expressions
  1:104103  warning  't' is defined but never used                                          @typescript-eslint/no-unused-vars
  1:104872  warning  Expected an assignment or function call and instead saw an expression  @typescript-eslint/no-unused-expressions
  1:105241  warning  Expected an assignment or function call and instead saw an expression  @typescript-eslint/no-unused-expressions
  1:105576  warning  Expected an assignment or function call and instead saw an expression  @typescript-eslint/no-unused-expressions
  1:107498  warning  Expected an assignment or function call and instead saw an expression  @typescript-eslint/no-unused-expressions
  1:107532  warning  Expected an assignment or function call and instead saw an expression  @typescript-eslint/no-unused-expressions
  1:107901  warning  Expected an assignment or function call and instead saw an expression  @typescript-eslint/no-unused-expressions
  1:108458  warning  Expected an assignment or function call and instead saw an expression  @typescript-eslint/no-unused-expressions
  1:109377  warning  Expected an assignment or function call and instead saw an expression  @typescript-eslint/no-unused-expressions
  1:109611  warning  Expected an assignment or function call and instead saw an expression  @typescript-eslint/no-unused-expressions
  1:110184  warning  't' is defined but never used                                          @typescript-eslint/no-unused-vars
  1:110187  warning  Expected an assignment or function call and instead saw an expression  @typescript-eslint/no-unused-expressions
  1:110205  warning  Expected an assignment or function call and instead saw an expression  @typescript-eslint/no-unused-expressions
  1:110524  warning  Expected an assignment or function call and instead saw an expression  @typescript-eslint/no-unused-expressions
  1:110800  warning  Expected an assignment or function call and instead saw an expression  @typescript-eslint/no-unused-expressions
  1:111418  warning  Expected an assignment or function call and instead saw an expression  @typescript-eslint/no-unused-expressions
  1:111526  warning  Expected an assignment or function call and instead saw an expression  @typescript-eslint/no-unused-expressions
  1:112164  warning  't' is defined but never used                                          @typescript-eslint/no-unused-vars
  1:112205  warning  'e' is defined but never used                                          @typescript-eslint/no-unused-vars
  1:112407  warning  Expected an assignment or function call and instead saw an expression  @typescript-eslint/no-unused-expressions
  1:112475  warning  Expected an assignment or function call and instead saw an expression  @typescript-eslint/no-unused-expressions

/Users/sondre/Documents/App/speed-swift/website/.vercel/output/static/_next/static/chunks/0fnrl_x82c8iq.js
  1:141   warning  Expected an assignment or function call and instead saw an expression  @typescript-eslint/no-unused-expressions
  1:656   warning  'a' is defined but never used                                          @typescript-eslint/no-unused-vars
  1:658   warning  'o' is defined but never used                                          @typescript-eslint/no-unused-vars
  1:674   warning  Expected an assignment or function call and instead saw an expression  @typescript-eslint/no-unused-expressions
  1:1100  warning  Expected an assignment or function call and instead saw an expression  @typescript-eslint/no-unused-expressions
  1:1146  warning  Expected an assignment or function call and instead saw an expression  @typescript-eslint/no-unused-expressions
  1:1174  warning  Expected an assignment or function call and instead saw an expression  @typescript-eslint/no-unused-expressions
  1:1266  warning  Expected an assignment or function call and instead saw an expression  @typescript-eslint/no-unused-expressions
  1:1620  warning  'j' is defined but never used                                          @typescript-eslint/no-unused-vars
  1:1725  warning  Expected an assignment or function call and instead saw an expression  @typescript-eslint/no-unused-expressions
  1:2050  warning  Expected an assignment or function call and instead saw an expression  @typescript-eslint/no-unused-expressions
  1:3461  warning  Expected an assignment or function call and instead saw an expression  @typescript-eslint/no-unused-expressions
  1:3838  warning  Expected an assignment or function call and instead saw an expression  @typescript-eslint/no-unused-expressions
  1:4003  warning  Expected an assignment or function call and instead saw an expression  @typescript-eslint/no-unused-expressions
  1:4573  warning  'v' is defined but never used                                          @typescript-eslint/no-unused-vars
  1:4593  warning  'y' is defined but never used                                          @typescript-eslint/no-unused-vars
  1:4717  warning  'O' is defined but never used                                          @typescript-eslint/no-unused-vars
  1:4728  warning  'R' is defined but never used                                          @typescript-eslint/no-unused-vars
  1:5305  warning  Expected an assignment or function call and instead saw an expression  @typescript-eslint/no-unused-expressions
  2:169   warning  'r' is assigned a value but never used                                 @typescript-eslint/no-unused-vars
  2:198   warning  Expected an assignment or function call and instead saw an expression  @typescript-eslint/no-unused-expressions
  2:310   warning  Expected an assignment or function call and instead saw an expression  @typescript-eslint/no-unused-expressions
  2:372   warning  Expected an assignment or function call and instead saw an expression  @typescript-eslint/no-unused-expressions
  2:1240  warning  Expected an assignment or function call and instead saw an expression  @typescript-eslint/no-unused-expressions
  2:1300  warning  Expected an assignment or function call and instead saw an expression  @typescript-eslint/no-unused-expressions
  2:2369  warning  Expected an assignment or function call and instead saw an expression  @typescript-eslint/no-unused-expressions
  2:3392  warning  Expected an assignment or function call and instead saw an expression  @typescript-eslint/no-unused-expressions
  2:4343  warning  Expected an assignment or function call and instead saw an expression  @typescript-eslint/no-unused-expressions
  2:4404  warning  Expected an assignment or function call and instead saw an expression  @typescript-eslint/no-unused-expressions
  2:4543  warning  Expected an assignment or function call and instead saw an expression  @typescript-eslint/no-unused-expressions
  2:4604  warning  Expected an assignment or function call and instead saw an expression  @typescript-eslint/no-unused-expressions
  2:4903  warning  Expected an assignment or function call and instead saw an expression  @typescript-eslint/no-unused-expressions
  2:5918  warning  Expected an assignment or function call and instead saw an expression  @typescript-eslint/no-unused-expressions
  2:6081  warning  Expected an assignment or function call and instead saw an expression  @typescript-eslint/no-unused-expressions
  2:6350  warning  Expected an assignment or function call and instead saw an expression  @typescript-eslint/no-unused-expressions
  2:7407  warning  Expected an assignment or function call and instead saw an expression  @typescript-eslint/no-unused-expressions
  2:7959  warning  Expected an assignment or function call and instead saw an expression  @typescript-eslint/no-unused-expressions
  2:8025  warning  'r' is defined but never used                                          @typescript-eslint/no-unused-vars
  2:8080  warning  Expected an assignment or function call and instead saw an expression  @typescript-eslint/no-unused-expressions
  2:8537  warning  Expected an assignment or function call and instead saw an expression  @typescript-eslint/no-unused-expressions
  3:348   warning  Expected an assignment or function call and instead saw an expression  @typescript-eslint/no-unused-expressions
  3:936   warning  Expected an assignment or function call and instead saw an expression  @typescript-eslint/no-unused-expressions
  3:1039  warning  Expected an assignment or function call and instead saw an expression  @typescript-eslint/no-unused-expressions
  3:2696  warning  Expected an assignment or function call and instead saw an expression  @typescript-eslint/no-unused-expressions
  3:3438  warning  Expected an assignment or function call and instead saw an expression  @typescript-eslint/no-unused-expressions
  3:3497  warning  Expected an assignment or function call and instead saw an expression  @typescript-eslint/no-unused-expressions
  3:3524  warning  Expected an assignment or function call and instead saw an expression  @typescript-eslint/no-unused-expressions
  3:3612  warning  Expected an assignment or function call and instead saw an expression  @typescript-eslint/no-unused-expressions
  3:3769  warning  Expected an assignment or function call and instead saw an expression  @typescript-eslint/no-unused-expressions
  3:3924  warning  Expected an assignment or function call and instead saw an expression  @typescript-eslint/no-unused-expressions
  3:4217  warning  Expected an assignment or function call and instead saw an expression  @typescript-eslint/no-unused-expressions
  3:4311  warning  Expected an assignment or function call and instead saw an expression  @typescript-eslint/no-unused-expressions
  3:4369  warning  Expected an assignment or function call and instead saw an expression  @typescript-eslint/no-unused-expressions
  3:4488  warning  Expected an assignment or function call and instead saw an expression  @typescript-eslint/no-unused-expressions
  3:4562  warning  Expected an assignment or function call and instead saw an expression  @typescript-eslint/no-unused-expressions
  3:4817  warning  Expected an assignment or function call and instead saw an expression  @typescript-eslint/no-unused-expressions
  3:6921  warning  Expected an assignment or function call and instead saw an expression  @typescript-eslint/no-unused-expressions
  3:7694  warning  Expected an assignment or function call and instead saw an expression  @typescript-eslint/no-unused-expressions
  3:8151  warning  Expected an assignment or function call and instead saw an expression  @typescript-eslint/no-unused-expressions

/Users/sondre/Documents/App/speed-swift/website/.vercel/output/static/_next/static/chunks/0g42kewvx5m3h.js
  1:645  warning  Expected an assignment or function call and instead saw an expression  @typescript-eslint/no-unused-expressions
  1:697  warning  Expected an assignment or function call and instead saw an expression  @typescript-eslint/no-unused-expressions
  1:728  warning  Expected an assignment or function call and instead saw an expression  @typescript-eslint/no-unused-expressions
  1:956  warning  Expected an assignment or function call and instead saw an expression  @typescript-eslint/no-unused-expressions

/Users/sondre/Documents/App/speed-swift/website/.vercel/output/static/_next/static/chunks/0hfs-rxb2t94w.js
  1:723    warning  Expected an assignment or function call and instead saw an expression  @typescript-eslint/no-unused-expressions
  1:1662   warning  Expected an assignment or function call and instead saw an expression  @typescript-eslint/no-unused-expressions
  1:1907   warning  Expected an assignment or function call and instead saw an expression  @typescript-eslint/no-unused-expressions
  1:2153   warning  Expected an assignment or function call and instead saw an expression  @typescript-eslint/no-unused-expressions
  1:2617   warning  Expected an assignment or function call and instead saw an expression  @typescript-eslint/no-unused-expressions
  1:3179   warning  Expected an assignment or function call and instead saw an expression  @typescript-eslint/no-unused-expressions
  1:3218   warning  Expected an assignment or function call and instead saw an expression  @typescript-eslint/no-unused-expressions
  1:3541   warning  Expected an assignment or function call and instead saw an expression  @typescript-eslint/no-unused-expressions
  1:4010   warning  Expected an assignment or function call and instead saw an expression  @typescript-eslint/no-unused-expressions
  1:4659   warning  Expected an assignment or function call and instead saw an expression  @typescript-eslint/no-unused-expressions
  1:5086   warning  Expected an assignment or function call and instead saw an expression  @typescript-eslint/no-unused-expressions
  1:5263   warning  Expected an assignment or function call and instead saw an expression  @typescript-eslint/no-unused-expressions
  1:5631   warning  Expected an assignment or function call and instead saw an expression  @typescript-eslint/no-unused-expressions
  1:6391   warning  Expected an assignment or function call and instead saw an expression  @typescript-eslint/no-unused-expressions
  1:6636   warning  Expected an assignment or function call and instead saw an expression  @typescript-eslint/no-unused-expressions
  1:6912   warning  Expected an assignment or function call and instead saw an expression  @typescript-eslint/no-unused-expressions
  1:8522   warning  Expected an assignment or function call and instead saw an expression  @typescript-eslint/no-unused-expressions
  1:9020   warning  Expected an assignment or function call and instead saw an expression  @typescript-eslint/no-unused-expressions
  1:9530   warning  Expected an assignment or function call and instead saw an expression  @typescript-eslint/no-unused-expressions
  1:9641   warning  Expected an assignment or function call and instead saw an expression  @typescript-eslint/no-unused-expressions
  1:9886   warning  Expected an assignment or function call and instead saw an expression  @typescript-eslint/no-unused-expressions
  1:10097  warning  Expected an assignment or function call and instead saw an expression  @typescript-eslint/no-unused-expressions
  1:10175  warning  Expected an assignment or function call and instead saw an expression  @typescript-eslint/no-unused-expressions
  1:11285  warning  Expected an assignment or function call and instead saw an expression  @typescript-eslint/no-unused-expressions
  1:11530  warning  Expected an assignment or function call and instead saw an expression  @typescript-eslint/no-unused-expressions
  1:12671  warning  'p' is assigned a value but never used                                 @typescript-eslint/no-unused-vars
  1:12715  warning  'y' is assigned a value but never used                                 @typescript-eslint/no-unused-vars
  1:12756  warning  '_' is assigned a value but never used                                 @typescript-eslint/no-unused-vars
  1:13880  warning  Expected an assignment or function call and instead saw an expression  @typescript-eslint/no-unused-expressions
  1:14039  warning  Expected an assignment or function call and instead saw an expression  @typescript-eslint/no-unused-expressions
  1:14266  warning  'r' is defined but never used                                          @typescript-eslint/no-unused-vars
  1:14496  warning  'e' is defined but never used                                          @typescript-eslint/no-unused-vars
  1:14562  warning  'e' is defined but never used                                          @typescript-eslint/no-unused-vars
  1:14711  warning  'r' is defined but never used                                          @typescript-eslint/no-unused-vars
  1:14748  warning  'r' is defined but never used                                          @typescript-eslint/no-unused-vars
  1:14809  warning  Expected an assignment or function call and instead saw an expression  @typescript-eslint/no-unused-expressions
  1:14943  warning  Expected an assignment or function call and instead saw an expression  @typescript-eslint/no-unused-expressions
  1:14957  warning  Expected an assignment or function call and instead saw an expression  @typescript-eslint/no-unused-expressions
  1:14973  warning  Expected an assignment or function call and instead saw an expression  @typescript-eslint/no-unused-expressions
  1:15122  warning  't' is defined but never used                                          @typescript-eslint/no-unused-vars
  1:15157  warning  't' is defined but never used                                          @typescript-eslint/no-unused-vars
  1:15205  warning  Expected an assignment or function call and instead saw an expression  @typescript-eslint/no-unused-expressions
  1:15243  warning  Expected an assignment or function call and instead saw an expression  @typescript-eslint/no-unused-expressions
  1:15375  warning  Expected an assignment or function call and instead saw an expression  @typescript-eslint/no-unused-expressions
  1:15710  warning  'e' is defined but never used                                          @typescript-eslint/no-unused-vars
  1:15742  warning  'e' is defined but never used                                          @typescript-eslint/no-unused-vars
  1:15839  warning  'e' is defined but never used                                          @typescript-eslint/no-unused-vars
  1:16014  warning  Expected an assignment or function call and instead saw an expression  @typescript-eslint/no-unused-expressions
  1:16047  warning  Expected an assignment or function call and instead saw an expression  @typescript-eslint/no-unused-expressions
  1:16079  warning  Expected an assignment or function call and instead saw an expression  @typescript-eslint/no-unused-expressions
  1:16162  warning  'r' is defined but never used                                          @typescript-eslint/no-unused-vars
  1:17090  warning  Expected an assignment or function call and instead saw an expression  @typescript-eslint/no-unused-expressions
  1:17701  warning  Expected an assignment or function call and instead saw an expression  @typescript-eslint/no-unused-expressions
  1:17750  warning  Expected an assignment or function call and instead saw an expression  @typescript-eslint/no-unused-expressions
  1:17887  warning  Expected an assignment or function call and instead saw an expression  @typescript-eslint/no-unused-expressions
  1:18130  warning  Expected an assignment or function call and instead saw an expression  @typescript-eslint/no-unused-expressions
  1:18710  warning  Expected an assignment or function call and instead saw an expression  @typescript-eslint/no-unused-expressions
  1:19983  warning  'r' is defined but never used                                          @typescript-eslint/no-unused-vars
  1:20001  warning  Expected an assignment or function call and instead saw an expression  @typescript-eslint/no-unused-expressions
  1:20418  warning  Expected an assignment or function call and instead saw an expression  @typescript-eslint/no-unused-expressions
  1:20520  warning  Expected an assignment or function call and instead saw an expression  @typescript-eslint/no-unused-expressions
  1:20589  warning  'r' is defined but never used                                          @typescript-eslint/no-unused-vars
  1:20607  warning  Expected an assignment or function call and instead saw an expression  @typescript-eslint/no-unused-expressions
  1:21289  warning  Expected an assignment or function call and instead saw an expression  @typescript-eslint/no-unused-expressions
  1:21379  warning  Expected an assignment or function call and instead saw an expression  @typescript-eslint/no-unused-expressions
  1:21437  warning  Expected an assignment or function call and instead saw an expression  @typescript-eslint/no-unused-expressions
  1:21865  warning  Expected an assignment or function call and instead saw an expression  @typescript-eslint/no-unused-expressions
  1:22469  warning  Expected an assignment or function call and instead saw an expression  @typescript-eslint/no-unused-expressions
  1:23025  warning  Expected an assignment or function call and instead saw an expression  @typescript-eslint/no-unused-expressions
  1:23219  warning  Expected an assignment or function call and instead saw an expression  @typescript-eslint/no-unused-expressions
  1:23498  warning  Expected an assignment or function call and instead saw an expression  @typescript-eslint/no-unused-expressions
  1:23566  warning  Expected an assignment or function call and instead saw an expression  @typescript-eslint/no-unused-expressions
  1:24059  warning  Expected an assignment or function call and instead saw an expression  @typescript-eslint/no-unused-expressions
  1:24078  warning  Expected an assignment or function call and instead saw an expression  @typescript-eslint/no-unused-expressions
  1:24202  warning  Expected an assignment or function call and instead saw an expression  @typescript-eslint/no-unused-expressions
  1:24909  warning  Expected an assignment or function call and instead saw an expression  @typescript-eslint/no-unused-expressions
  1:24965  warning  Expected an assignment or function call and instead saw an expression  @typescript-eslint/no-unused-expressions
  1:25073  warning  Expected an assignment or function call and instead saw an expression  @typescript-eslint/no-unused-expressions
  1:25175  warning  Expected an assignment or function call and instead saw an expression  @typescript-eslint/no-unused-expressions
  1:25248  warning  Expected an assignment or function call and instead saw an expression  @typescript-eslint/no-unused-expressions
  1:26165  warning  Expected an assignment or function call and instead saw an expression  @typescript-eslint/no-unused-expressions
  1:26683  warning  Expected an assignment or function call and instead saw an expression  @typescript-eslint/no-unused-expressions
  1:26920  warning  Expected an assignment or function call and instead saw an expression  @typescript-eslint/no-unused-expressions
  1:28444  warning  'r' is defined but never used                                          @typescript-eslint/no-unused-vars
  1:28462  warning  Expected an assignment or function call and instead saw an expression  @typescript-eslint/no-unused-expressions
  1:28523  warning  Expected an assignment or function call and instead saw an expression  @typescript-eslint/no-unused-expressions
  1:29091  warning  Expected an assignment or function call and instead saw an expression  @typescript-eslint/no-unused-expressions
  1:29495  warning  'e' is assigned a value but never used                                 @typescript-eslint/no-unused-vars
  1:29510  warning  Expected an assignment or function call and instead saw an expression  @typescript-eslint/no-unused-expressions
  1:29656  warning  Expected an assignment or function call and instead saw an expression  @typescript-eslint/no-unused-expressions
  1:30641  warning  Expected an assignment or function call and instead saw an expression  @typescript-eslint/no-unused-expressions

/Users/sondre/Documents/App/speed-swift/website/.vercel/output/static/_next/static/chunks/0i7waaae_i9ku.js
  1:2028   warning  Expected an assignment or function call and instead saw an expression                                                                                                                                                                                               @typescript-eslint/no-unused-expressions
  1:2461   warning  Expected an assignment or function call and instead saw an expression                                                                                                                                                                                               @typescript-eslint/no-unused-expressions
  1:3009   warning  Expected an assignment or function call and instead saw an expression                                                                                                                                                                                               @typescript-eslint/no-unused-expressions
  1:5756   warning  Expected an assignment or function call and instead saw an expression                                                                                                                                                                                               @typescript-eslint/no-unused-expressions
  1:5835   warning  Expected an assignment or function call and instead saw an expression                                                                                                                                                                                               @typescript-eslint/no-unused-expressions
  1:6005   warning  Expected an assignment or function call and instead saw an expression                                                                                                                                                                                               @typescript-eslint/no-unused-expressions
  1:6050   warning  Expected an assignment or function call and instead saw an expression                                                                                                                                                                                               @typescript-eslint/no-unused-expressions
  1:6151   warning  Expected an assignment or function call and instead saw an expression                                                                                                                                                                                               @typescript-eslint/no-unused-expressions
  1:6197   warning  Expected an assignment or function call and instead saw an expression                                                                                                                                                                                               @typescript-eslint/no-unused-expressions
  1:6478   warning  Expected an assignment or function call and instead saw an expression                                                                                                                                                                                               @typescript-eslint/no-unused-expressions
  1:7162   warning  Expected an assignment or function call and instead saw an expression                                                                                                                                                                                               @typescript-eslint/no-unused-expressions
  1:7193   warning  Expected an assignment or function call and instead saw an expression                                                                                                                                                                                               @typescript-eslint/no-unused-expressions
  1:9088   warning  Expected an assignment or function call and instead saw an expression                                                                                                                                                                                               @typescript-eslint/no-unused-expressions
  1:9246   warning  Expected an assignment or function call and instead saw an expression                                                                                                                                                                                               @typescript-eslint/no-unused-expressions
  1:9276   warning  Expected an assignment or function call and instead saw an expression                                                                                                                                                                                               @typescript-eslint/no-unused-expressions
  1:9362   warning  Expected an assignment or function call and instead saw an expression                                                                                                                                                                                               @typescript-eslint/no-unused-expressions
  1:9503   warning  Expected an assignment or function call and instead saw an expression                                                                                                                                                                                               @typescript-eslint/no-unused-expressions
  1:9897   warning  Expected an assignment or function call and instead saw an expression                                                                                                                                                                                               @typescript-eslint/no-unused-expressions
  1:10587  warning  Expected an assignment or function call and instead saw an expression                                                                                                                                                                                               @typescript-eslint/no-unused-expressions
  1:11060  warning  Expected an assignment or function call and instead saw an expression                                                                                                                                                                                               @typescript-eslint/no-unused-expressions
  1:13093  warning  Expected an assignment or function call and instead saw an expression                                                                                                                                                                                               @typescript-eslint/no-unused-expressions
  1:13306  warning  Expected an assignment or function call and instead saw an expression                                                                                                                                                                                               @typescript-eslint/no-unused-expressions
  1:13320  warning  Expected an assignment or function call and instead saw an expression                                                                                                                                                                                               @typescript-eslint/no-unused-expressions
  1:13401  warning  Expected an assignment or function call and instead saw an expression                                                                                                                                                                                               @typescript-eslint/no-unused-expressions
  1:20352  warning  Expected an assignment or function call and instead saw an expression                                                                                                                                                                                               @typescript-eslint/no-unused-expressions
  1:20952  warning  Expected an assignment or function call and instead saw an expression                                                                                                                                                                                               @typescript-eslint/no-unused-expressions
  1:25707  warning  Expected an assignment or function call and instead saw an expression                                                                                                                                                                                               @typescript-eslint/no-unused-expressions
  1:28921  warning  Expected an assignment or function call and instead saw an expression                                                                                                                                                                                               @typescript-eslint/no-unused-expressions
  1:36612  warning  Expected an assignment or function call and instead saw an expression                                                                                                                                                                                               @typescript-eslint/no-unused-expressions
  1:36717  warning  Expected an assignment or function call and instead saw an expression                                                                                                                                                                                               @typescript-eslint/no-unused-expressions
  1:36806  warning  Expected an assignment or function call and instead saw an expression                                                                                                                                                                                               @typescript-eslint/no-unused-expressions
  1:37034  warning  Do not use `window.location.href` to navigate to internal Next.js pages. Use `redirect()` in the render phase, or `useRouter().push()` in Client Components' event handlers instead. See: https://nextjs.org/docs/messages/no-location-assign-relative-destination  @next/next/no-location-assign-relative-destination
  1:37260  warning  Expected an assignment or function call and instead saw an expression                                                                                                                                                                                               @typescript-eslint/no-unused-expressions
  1:37524  warning  Expected an assignment or function call and instead saw an expression                                                                                                                                                                                               @typescript-eslint/no-unused-expressions
  1:37669  warning  Expected an assignment or function call and instead saw an expression                                                                                                                                                                                               @typescript-eslint/no-unused-expressions
  1:38130  warning  Expected an assignment or function call and instead saw an expression                                                                                                                                                                                               @typescript-eslint/no-unused-expressions
  1:38320  warning  Expected an assignment or function call and instead saw an expression                                                                                                                                                                                               @typescript-eslint/no-unused-expressions
  1:39348  warning  Expected an assignment or function call and instead saw an expression                                                                                                                                                                                               @typescript-eslint/no-unused-expressions
  1:40467  warning  Expected an assignment or function call and instead saw an expression                                                                                                                                                                                               @typescript-eslint/no-unused-expressions
  1:40488  warning  Expected an assignment or function call and instead saw an expression                                                                                                                                                                                               @typescript-eslint/no-unused-expressions
  1:40590  warning  Expected an assignment or function call and instead saw an expression                                                                                                                                                                                               @typescript-eslint/no-unused-expressions
  1:40924  warning  Expected an assignment or function call and instead saw an expression                                                                                                                                                                                               @typescript-eslint/no-unused-expressions
  1:41504  warning  Expected an assignment or function call and instead saw an expression                                                                                                                                                                                               @typescript-eslint/no-unused-expressions
  1:41859  warning  Expected an assignment or function call and instead saw an expression                                                                                                                                                                                               @typescript-eslint/no-unused-expressions
  1:42413  warning  Expected an assignment or function call and instead saw an expression                                                                                                                                                                                               @typescript-eslint/no-unused-expressions
  1:42609  warning  Expected an assignment or function call and instead saw an expression                                                                                                                                                                                               @typescript-eslint/no-unused-expressions
  1:42802  warning  Expected an assignment or function call and instead saw an expression                                                                                                                                                                                               @typescript-eslint/no-unused-expressions
  1:43137  warning  Do not use `window.location.href` to navigate to internal Next.js pages. Use `redirect()` in the render phase, or `useRouter().push()` in Client Components' event handlers instead. See: https://nextjs.org/docs/messages/no-location-assign-relative-destination  @next/next/no-location-assign-relative-destination
  1:43328  warning  Expected an assignment or function call and instead saw an expression                                                                                                                                                                                               @typescript-eslint/no-unused-expressions
  1:43705  warning  Expected an assignment or function call and instead saw an expression                                                                                                                                                                                               @typescript-eslint/no-unused-expressions
  1:46005  warning  Expected an assignment or function call and instead saw an expression                                                                                                                                                                                               @typescript-eslint/no-unused-expressions
  1:46567  warning  Expected an assignment or function call and instead saw an expression                                                                                                                                                                                               @typescript-eslint/no-unused-expressions
  1:46591  warning  Expected an assignment or function call and instead saw an expression                                                                                                                                                                                               @typescript-eslint/no-unused-expressions
  1:46789  warning  Expected an assignment or function call and instead saw an expression                                                                                                                                                                                               @typescript-eslint/no-unused-expressions
  1:46929  warning  Expected an assignment or function call and instead saw an expression                                                                                                                                                                                               @typescript-eslint/no-unused-expressions
  1:46953  warning  Expected an assignment or function call and instead saw an expression                                                                                                                                                                                               @typescript-eslint/no-unused-expressions
  1:46992  warning  Expected an assignment or function call and instead saw an expression                                                                                                                                                                                               @typescript-eslint/no-unused-expressions
  1:47076  warning  Expected an assignment or function call and instead saw an expression                                                                                                                                                                                               @typescript-eslint/no-unused-expressions
  1:47496  warning  Expected an assignment or function call and instead saw an expression                                                                                                                                                                                               @typescript-eslint/no-unused-expressions
  1:47723  warning  Expected an assignment or function call and instead saw an expression                                                                                                                                                                                               @typescript-eslint/no-unused-expressions
  1:48199  warning  Expected an assignment or function call and instead saw an expression                                                                                                                                                                                               @typescript-eslint/no-unused-expressions
  1:49555  warning  Expected an assignment or function call and instead saw an expression                                                                                                                                                                                               @typescript-eslint/no-unused-expressions
  1:50032  warning  Expected an assignment or function call and instead saw an expression                                                                                                                                                                                               @typescript-eslint/no-unused-expressions
  1:51150  warning  Expected an assignment or function call and instead saw an expression                                                                                                                                                                                               @typescript-eslint/no-unused-expressions
  1:51403  warning  Expected an assignment or function call and instead saw an expression                                                                                                                                                                                               @typescript-eslint/no-unused-expressions
  1:52366  warning  Expected an assignment or function call and instead saw an expression                                                                                                                                                                                               @typescript-eslint/no-unused-expressions
  1:56395  warning  Expected an assignment or function call and instead saw an expression                                                                                                                                                                                               @typescript-eslint/no-unused-expressions
  1:56462  warning  Expected an assignment or function call and instead saw an expression                                                                                                                                                                                               @typescript-eslint/no-unused-expressions
  1:65265  warning  Expected an assignment or function call and instead saw an expression                                                                                                                                                                                               @typescript-eslint/no-unused-expressions
  1:66543  warning  Expected an assignment or function call and instead saw an expression                                                                                                                                                                                               @typescript-eslint/no-unused-expressions
  1:68645  warning  Expected an assignment or function call and instead saw an expression                                                                                                                                                                                               @typescript-eslint/no-unused-expressions
  1:74462  warning  Expected an assignment or function call and instead saw an expression                                                                                                                                                                                               @typescript-eslint/no-unused-expressions
  1:74570  warning  Expected an assignment or function call and instead saw an expression                                                                                                                                                                                               @typescript-eslint/no-unused-expressions
  1:74963  warning  Expected an assignment or function call and instead saw an expression                                                                                                                                                                                               @typescript-eslint/no-unused-expressions
  1:79225  warning  Expected an assignment or function call and instead saw an expression                                                                                                                                                                                               @typescript-eslint/no-unused-expressions
  1:86286  warning  Expected an assignment or function call and instead saw an expression                                                                                                                                                                                               @typescript-eslint/no-unused-expressions
  1:86673  warning  Expected an assignment or function call and instead saw an expression                                                                                                                                                                                               @typescript-eslint/no-unused-expressions

/Users/sondre/Documents/App/speed-swift/website/.vercel/output/static/_next/static/chunks/0j-l8b4ffhakd.js
  1:620   warning  Expected an assignment or function call and instead saw an expression  @typescript-eslint/no-unused-expressions
  1:681   warning  Expected an assignment or function call and instead saw an expression  @typescript-eslint/no-unused-expressions
  1:1675  warning  Expected an assignment or function call and instead saw an expression  @typescript-eslint/no-unused-expressions
  1:8314  warning  Expected an assignment or function call and instead saw an expression  @typescript-eslint/no-unused-expressions

/Users/sondre/Documents/App/speed-swift/website/.vercel/output/static/_next/static/chunks/0nrenwt47p-q0.js
  1:767   warning  Expected an assignment or function call and instead saw an expression  @typescript-eslint/no-unused-expressions
  1:831   warning  Expected an assignment or function call and instead saw an expression  @typescript-eslint/no-unused-expressions
  1:1157  warning  Expected an assignment or function call and instead saw an expression  @typescript-eslint/no-unused-expressions
  1:4818  warning  Expected an assignment or function call and instead saw an expression  @typescript-eslint/no-unused-expressions

/Users/sondre/Documents/App/speed-swift/website/.vercel/output/static/_next/static/chunks/0o4d4ij1qrd5q.js
  1:1049  warning  Expected an assignment or function call and instead saw an expression  @typescript-eslint/no-unused-expressions
  1:1410  warning  Expected an assignment or function call and instead saw an expression  @typescript-eslint/no-unused-expressions
  1:1462  warning  Expected an assignment or function call and instead saw an expression  @typescript-eslint/no-unused-expressions
  1:2021  warning  Expected an assignment or function call and instead saw an expression  @typescript-eslint/no-unused-expressions
  1:2515  warning  Expected an assignment or function call and instead saw an expression  @typescript-eslint/no-unused-expressions

/Users/sondre/Documents/App/speed-swift/website/.vercel/output/static/_next/static/chunks/0ot-o3e1skhiv.js
  1:872    warning  Expected an assignment or function call and instead saw an expression  @typescript-eslint/no-unused-expressions
  1:11963  warning  Expected an assignment or function call and instead saw an expression  @typescript-eslint/no-unused-expressions
  1:12525  warning  Expected an assignment or function call and instead saw an expression  @typescript-eslint/no-unused-expressions
  1:13118  warning  Expected an assignment or function call and instead saw an expression  @typescript-eslint/no-unused-expressions
  1:15513  warning  Expected an assignment or function call and instead saw an expression  @typescript-eslint/no-unused-expressions
  1:17735  warning  Expected an assignment or function call and instead saw an expression  @typescript-eslint/no-unused-expressions
  1:18189  warning  Expected an assignment or function call and instead saw an expression  @typescript-eslint/no-unused-expressions
  1:19481  warning  Expected an assignment or function call and instead saw an expression  @typescript-eslint/no-unused-expressions
  1:19547  warning  Expected an assignment or function call and instead saw an expression  @typescript-eslint/no-unused-expressions
  1:19613  warning  Expected an assignment or function call and instead saw an expression  @typescript-eslint/no-unused-expressions
  1:19679  warning  Expected an assignment or function call and instead saw an expression  @typescript-eslint/no-unused-expressions
  1:20761  warning  Expected an assignment or function call and instead saw an expression  @typescript-eslint/no-unused-expressions
  1:21600  warning  Expected an assignment or function call and instead saw an expression  @typescript-eslint/no-unused-expressions
  1:22405  warning  Expected an assignment or function call and instead saw an expression  @typescript-eslint/no-unused-expressions
  1:22459  warning  Expected an assignment or function call and instead saw an expression  @typescript-eslint/no-unused-expressions
  1:22659  warning  Expected an assignment or function call and instead saw an expression  @typescript-eslint/no-unused-expressions
  1:22753  warning  Expected an assignment or function call and instead saw an expression  @typescript-eslint/no-unused-expressions
  1:22836  warning  Expected an assignment or function call and instead saw an expression  @typescript-eslint/no-unused-expressions
  1:23179  warning  Expected an assignment or function call and instead saw an expression  @typescript-eslint/no-unused-expressions
  1:23267  warning  Expected an assignment or function call and instead saw an expression  @typescript-eslint/no-unused-expressions
  1:23350  warning  Expected an assignment or function call and instead saw an expression  @typescript-eslint/no-unused-expressions
  1:24816  warning  Expected an assignment or function call and instead saw an expression  @typescript-eslint/no-unused-expressions
  1:24967  warning  Expected an assignment or function call and instead saw an expression  @typescript-eslint/no-unused-expressions
  1:25373  warning  Expected an assignment or function call and instead saw an expression  @typescript-eslint/no-unused-expressions
  1:25651  warning  Expected an assignment or function call and instead saw an expression  @typescript-eslint/no-unused-expressions
  1:25787  warning  Expected an assignment or function call and instead saw an expression  @typescript-eslint/no-unused-expressions
  1:26060  warning  Expected an assignment or function call and instead saw an expression  @typescript-eslint/no-unused-expressions
  1:26462  warning  Expected an assignment or function call and instead saw an expression  @typescript-eslint/no-unused-expressions
  1:26573  warning  Expected an assignment or function call and instead saw an expression  @typescript-eslint/no-unused-expressions
  1:27257  warning  Expected an assignment or function call and instead saw an expression  @typescript-eslint/no-unused-expressions
  1:28597  warning  Expected an assignment or function call and instead saw an expression  @typescript-eslint/no-unused-expressions
  1:28653  warning  Expected an assignment or function call and instead saw an expression  @typescript-eslint/no-unused-expressions
  1:28825  warning  Expected an assignment or function call and instead saw an expression  @typescript-eslint/no-unused-expressions
  1:29952  warning  Expected an assignment or function call and instead saw an expression  @typescript-eslint/no-unused-expressions
  1:30109  warning  Expected an assignment or function call and instead saw an expression  @typescript-eslint/no-unused-expressions
  1:31178  warning  Expected an assignment or function call and instead saw an expression  @typescript-eslint/no-unused-expressions
  3:1096   warning  Expected an assignment or function call and instead saw an expression  @typescript-eslint/no-unused-expressions
  3:2729   warning  'e' is defined but never used                                          @typescript-eslint/no-unused-vars
  3:3014   warning  Expected an assignment or function call and instead saw an expression  @typescript-eslint/no-unused-expressions
  3:3516   warning  'e' is defined but never used                                          @typescript-eslint/no-unused-vars
  3:5992   warning  Expected an assignment or function call and instead saw an expression  @typescript-eslint/no-unused-expressions
  3:6201   warning  Expected an assignment or function call and instead saw an expression  @typescript-eslint/no-unused-expressions
  3:6575   warning  Expected an assignment or function call and instead saw an expression  @typescript-eslint/no-unused-expressions
  3:8249   warning  Expected an assignment or function call and instead saw an expression  @typescript-eslint/no-unused-expressions

/Users/sondre/Documents/App/speed-swift/website/.vercel/output/static/_next/static/chunks/11ceca6kz-kp-.js
  1:857   warning  Expected an assignment or function call and instead saw an expression  @typescript-eslint/no-unused-expressions
  1:1367  warning  Expected an assignment or function call and instead saw an expression  @typescript-eslint/no-unused-expressions
  1:1391  warning  Expected an assignment or function call and instead saw an expression  @typescript-eslint/no-unused-expressions
  1:1468  warning  Expected an assignment or function call and instead saw an expression  @typescript-eslint/no-unused-expressions
  1:1789  warning  Expected an assignment or function call and instead saw an expression  @typescript-eslint/no-unused-expressions
  1:2246  warning  Expected an assignment or function call and instead saw an expression  @typescript-eslint/no-unused-expressions
  1:2465  warning  Expected an assignment or function call and instead saw an expression  @typescript-eslint/no-unused-expressions

/Users/sondre/Documents/App/speed-swift/website/.vercel/output/static/_next/static/chunks/12woi_j6a9rpu.js
  1:142    warning  Expected an assignment or function call and instead saw an expression  @typescript-eslint/no-unused-expressions
  1:669    warning  'T' is assigned a value but never used                                 @typescript-eslint/no-unused-vars
  1:811    warning  Expected an assignment or function call and instead saw an expression  @typescript-eslint/no-unused-expressions
  1:1690   warning  Expected an assignment or function call and instead saw an expression  @typescript-eslint/no-unused-expressions
  1:1863   warning  Expected an assignment or function call and instead saw an expression  @typescript-eslint/no-unused-expressions
  1:2316   warning  Expected an assignment or function call and instead saw an expression  @typescript-eslint/no-unused-expressions
  1:2650   warning  Expected an assignment or function call and instead saw an expression  @typescript-eslint/no-unused-expressions
  1:2838   warning  Expected an assignment or function call and instead saw an expression  @typescript-eslint/no-unused-expressions
  1:3296   warning  Expected an assignment or function call and instead saw an expression  @typescript-eslint/no-unused-expressions
  1:3541   warning  Expected an assignment or function call and instead saw an expression  @typescript-eslint/no-unused-expressions
  1:4014   warning  Expected an assignment or function call and instead saw an expression  @typescript-eslint/no-unused-expressions
  1:4050   warning  Expected an assignment or function call and instead saw an expression  @typescript-eslint/no-unused-expressions
  1:4295   warning  Expected an assignment or function call and instead saw an expression  @typescript-eslint/no-unused-expressions
  1:4577   warning  Expected an assignment or function call and instead saw an expression  @typescript-eslint/no-unused-expressions
  1:4649   warning  Expected an assignment or function call and instead saw an expression  @typescript-eslint/no-unused-expressions
  1:4867   warning  Expected an assignment or function call and instead saw an expression  @typescript-eslint/no-unused-expressions
  1:5112   warning  Expected an assignment or function call and instead saw an expression  @typescript-eslint/no-unused-expressions
  1:5530   warning  Expected an assignment or function call and instead saw an expression  @typescript-eslint/no-unused-expressions
  1:5775   warning  Expected an assignment or function call and instead saw an expression  @typescript-eslint/no-unused-expressions
  1:6067   warning  Expected an assignment or function call and instead saw an expression  @typescript-eslint/no-unused-expressions
  1:7285   warning  Expected an assignment or function call and instead saw an expression  @typescript-eslint/no-unused-expressions
  1:7888   warning  Expected an assignment or function call and instead saw an expression  @typescript-eslint/no-unused-expressions
  1:8594   warning  Expected an assignment or function call and instead saw an expression  @typescript-eslint/no-unused-expressions
  1:8839   warning  Expected an assignment or function call and instead saw an expression  @typescript-eslint/no-unused-expressions
  1:9298   warning  Expected an assignment or function call and instead saw an expression  @typescript-eslint/no-unused-expressions
  1:9486   warning  Expected an assignment or function call and instead saw an expression  @typescript-eslint/no-unused-expressions
  1:9529   warning  Expected an assignment or function call and instead saw an expression  @typescript-eslint/no-unused-expressions
  1:9889   warning  Expected an assignment or function call and instead saw an expression  @typescript-eslint/no-unused-expressions
  1:9995   warning  Expected an assignment or function call and instead saw an expression  @typescript-eslint/no-unused-expressions
  1:10284  warning  Expected an assignment or function call and instead saw an expression  @typescript-eslint/no-unused-expressions
  1:11424  warning  Expected an assignment or function call and instead saw an expression  @typescript-eslint/no-unused-expressions
  1:11475  warning  Expected an assignment or function call and instead saw an expression  @typescript-eslint/no-unused-expressions
  1:12483  warning  '_' is defined but never used                                          @typescript-eslint/no-unused-vars
  1:12875  warning  Expected an assignment or function call and instead saw an expression  @typescript-eslint/no-unused-expressions
  1:13166  warning  Expected an assignment or function call and instead saw an expression  @typescript-eslint/no-unused-expressions
  1:13827  warning  Expected an assignment or function call and instead saw an expression  @typescript-eslint/no-unused-expressions
  1:13870  warning  Expected an assignment or function call and instead saw an expression  @typescript-eslint/no-unused-expressions
  1:14115  warning  Expected an assignment or function call and instead saw an expression  @typescript-eslint/no-unused-expressions
  1:14396  warning  Expected an assignment or function call and instead saw an expression  @typescript-eslint/no-unused-expressions
  1:14640  warning  Expected an assignment or function call and instead saw an expression  @typescript-eslint/no-unused-expressions
  1:14892  warning  Expected an assignment or function call and instead saw an expression  @typescript-eslint/no-unused-expressions
  1:15137  warning  Expected an assignment or function call and instead saw an expression  @typescript-eslint/no-unused-expressions
  1:15339  warning  Expected an assignment or function call and instead saw an expression  @typescript-eslint/no-unused-expressions
  1:15584  warning  Expected an assignment or function call and instead saw an expression  @typescript-eslint/no-unused-expressions
  1:15842  warning  Expected an assignment or function call and instead saw an expression  @typescript-eslint/no-unused-expressions
  1:16087  warning  Expected an assignment or function call and instead saw an expression  @typescript-eslint/no-unused-expressions
  1:16302  warning  Expected an assignment or function call and instead saw an expression  @typescript-eslint/no-unused-expressions
  1:16851  warning  Expected an assignment or function call and instead saw an expression  @typescript-eslint/no-unused-expressions
  1:17096  warning  Expected an assignment or function call and instead saw an expression  @typescript-eslint/no-unused-expressions
  1:17362  warning  Expected an assignment or function call and instead saw an expression  @typescript-eslint/no-unused-expressions
  1:17402  warning  Expected an assignment or function call and instead saw an expression  @typescript-eslint/no-unused-expressions
  1:17431  warning  Expected an assignment or function call and instead saw an expression  @typescript-eslint/no-unused-expressions
  1:17617  warning  Expected an assignment or function call and instead saw an expression  @typescript-eslint/no-unused-expressions
  1:17862  warning  Expected an assignment or function call and instead saw an expression  @typescript-eslint/no-unused-expressions
  1:18272  warning  Expected an assignment or function call and instead saw an expression  @typescript-eslint/no-unused-expressions
  1:18369  warning  Expected an assignment or function call and instead saw an expression  @typescript-eslint/no-unused-expressions
  1:18568  warning  Expected an assignment or function call and instead saw an expression  @typescript-eslint/no-unused-expressions
  1:18884  warning  'e' is defined but never used                                          @typescript-eslint/no-unused-vars
  1:19230  warning  Expected an assignment or function call and instead saw an expression  @typescript-eslint/no-unused-expressions
  1:19704  warning  Expected an assignment or function call and instead saw an expression  @typescript-eslint/no-unused-expressions
  1:20110  warning  Expected an assignment or function call and instead saw an expression  @typescript-eslint/no-unused-expressions
  1:20764  warning  Expected an assignment or function call and instead saw an expression  @typescript-eslint/no-unused-expressions
  1:22725  warning  Expected an assignment or function call and instead saw an expression  @typescript-eslint/no-unused-expressions
  1:22871  warning  Expected an assignment or function call and instead saw an expression  @typescript-eslint/no-unused-expressions
  1:22978  warning  Expected an assignment or function call and instead saw an expression  @typescript-eslint/no-unused-expressions
  1:23139  warning  'r' is defined but never used                                          @typescript-eslint/no-unused-vars
  1:23855  warning  Expected an assignment or function call and instead saw an expression  @typescript-eslint/no-unused-expressions
  1:24276  warning  Expected an assignment or function call and instead saw an expression  @typescript-eslint/no-unused-expressions
  1:24369  warning  Expected an assignment or function call and instead saw an expression  @typescript-eslint/no-unused-expressions
  1:24468  warning  Expected an assignment or function call and instead saw an expression  @typescript-eslint/no-unused-expressions
  1:25325  warning  Expected an assignment or function call and instead saw an expression  @typescript-eslint/no-unused-expressions
  1:25639  warning  Expected an assignment or function call and instead saw an expression  @typescript-eslint/no-unused-expressions

/Users/sondre/Documents/App/speed-swift/website/.vercel/output/static/_next/static/chunks/15svfr_kjqxma.js
  1:356  warning  Expected an assignment or function call and instead saw an expression  @typescript-eslint/no-unused-expressions

/Users/sondre/Documents/App/speed-swift/website/.vercel/output/static/_next/static/chunks/16lgdo-c_h6ok.js
  1:141   warning  Expected an assignment or function call and instead saw an expression  @typescript-eslint/no-unused-expressions
  1:656   warning  'o' is defined but never used                                          @typescript-eslint/no-unused-vars
  1:658   warning  'a' is defined but never used                                          @typescript-eslint/no-unused-vars
  1:674   warning  Expected an assignment or function call and instead saw an expression  @typescript-eslint/no-unused-expressions
  1:1100  warning  Expected an assignment or function call and instead saw an expression  @typescript-eslint/no-unused-expressions
  1:1146  warning  Expected an assignment or function call and instead saw an expression  @typescript-eslint/no-unused-expressions
  1:1174  warning  Expected an assignment or function call and instead saw an expression  @typescript-eslint/no-unused-expressions
  1:1266  warning  Expected an assignment or function call and instead saw an expression  @typescript-eslint/no-unused-expressions
  1:1620  warning  'j' is defined but never used                                          @typescript-eslint/no-unused-vars
  1:1725  warning  Expected an assignment or function call and instead saw an expression  @typescript-eslint/no-unused-expressions
  1:2050  warning  Expected an assignment or function call and instead saw an expression  @typescript-eslint/no-unused-expressions
  1:3461  warning  Expected an assignment or function call and instead saw an expression  @typescript-eslint/no-unused-expressions
  1:3838  warning  Expected an assignment or function call and instead saw an expression  @typescript-eslint/no-unused-expressions
  1:4003  warning  Expected an assignment or function call and instead saw an expression  @typescript-eslint/no-unused-expressions
  1:4573  warning  'x' is defined but never used                                          @typescript-eslint/no-unused-vars
  1:4593  warning  'v' is defined but never used                                          @typescript-eslint/no-unused-vars
  1:4717  warning  'k' is defined but never used                                          @typescript-eslint/no-unused-vars
  1:4728  warning  'R' is defined but never used                                          @typescript-eslint/no-unused-vars
  1:5305  warning  Expected an assignment or function call and instead saw an expression  @typescript-eslint/no-unused-expressions
  2:169   warning  'r' is assigned a value but never used                                 @typescript-eslint/no-unused-vars
  2:198   warning  Expected an assignment or function call and instead saw an expression  @typescript-eslint/no-unused-expressions
  2:310   warning  Expected an assignment or function call and instead saw an expression  @typescript-eslint/no-unused-expressions
  2:372   warning  Expected an assignment or function call and instead saw an expression  @typescript-eslint/no-unused-expressions
  2:1240  warning  Expected an assignment or function call and instead saw an expression  @typescript-eslint/no-unused-expressions
  2:1300  warning  Expected an assignment or function call and instead saw an expression  @typescript-eslint/no-unused-expressions
  2:2369  warning  Expected an assignment or function call and instead saw an expression  @typescript-eslint/no-unused-expressions
  2:3392  warning  Expected an assignment or function call and instead saw an expression  @typescript-eslint/no-unused-expressions
  2:4343  warning  Expected an assignment or function call and instead saw an expression  @typescript-eslint/no-unused-expressions
  2:4404  warning  Expected an assignment or function call and instead saw an expression  @typescript-eslint/no-unused-expressions
  2:4543  warning  Expected an assignment or function call and instead saw an expression  @typescript-eslint/no-unused-expressions
  2:4604  warning  Expected an assignment or function call and instead saw an expression  @typescript-eslint/no-unused-expressions
  2:4903  warning  Expected an assignment or function call and instead saw an expression  @typescript-eslint/no-unused-expressions
  2:5918  warning  Expected an assignment or function call and instead saw an expression  @typescript-eslint/no-unused-expressions
  2:6081  warning  Expected an assignment or function call and instead saw an expression  @typescript-eslint/no-unused-expressions
  2:6350  warning  Expected an assignment or function call and instead saw an expression  @typescript-eslint/no-unused-expressions
  2:7406  warning  Expected an assignment or function call and instead saw an expression  @typescript-eslint/no-unused-expressions
  2:7863  warning  Expected an assignment or function call and instead saw an expression  @typescript-eslint/no-unused-expressions
  3:348   warning  Expected an assignment or function call and instead saw an expression  @typescript-eslint/no-unused-expressions
  3:936   warning  Expected an assignment or function call and instead saw an expression  @typescript-eslint/no-unused-expressions
  3:1039  warning  Expected an assignment or function call and instead saw an expression  @typescript-eslint/no-unused-expressions
  3:1274  warning  Expected an assignment or function call and instead saw an expression  @typescript-eslint/no-unused-expressions
  3:1357  warning  Expected an assignment or function call and instead saw an expression  @typescript-eslint/no-unused-expressions
  3:3928  warning  Expected an assignment or function call and instead saw an expression  @typescript-eslint/no-unused-expressions
  3:4670  warning  Expected an assignment or function call and instead saw an expression  @typescript-eslint/no-unused-expressions
  3:4729  warning  Expected an assignment or function call and instead saw an expression  @typescript-eslint/no-unused-expressions
  3:4756  warning  Expected an assignment or function call and instead saw an expression  @typescript-eslint/no-unused-expressions
  3:4844  warning  Expected an assignment or function call and instead saw an expression  @typescript-eslint/no-unused-expressions
  3:5001  warning  Expected an assignment or function call and instead saw an expression  @typescript-eslint/no-unused-expressions
  3:5156  warning  Expected an assignment or function call and instead saw an expression  @typescript-eslint/no-unused-expressions
  3:5449  warning  Expected an assignment or function call and instead saw an expression  @typescript-eslint/no-unused-expressions
  3:5543  warning  Expected an assignment or function call and instead saw an expression  @typescript-eslint/no-unused-expressions
  3:5601  warning  Expected an assignment or function call and instead saw an expression  @typescript-eslint/no-unused-expressions
  3:5720  warning  Expected an assignment or function call and instead saw an expression  @typescript-eslint/no-unused-expressions
  3:5794  warning  Expected an assignment or function call and instead saw an expression  @typescript-eslint/no-unused-expressions
  3:6049  warning  Expected an assignment or function call and instead saw an expression  @typescript-eslint/no-unused-expressions
  3:8153  warning  Expected an assignment or function call and instead saw an expression  @typescript-eslint/no-unused-expressions

/Users/sondre/Documents/App/speed-swift/website/.vercel/output/static/_next/static/chunks/16oze06-ctr-b.js
  1:1458  warning  Expected an assignment or function call and instead saw an expression  @typescript-eslint/no-unused-expressions
  1:1661  warning  Expected an assignment or function call and instead saw an expression  @typescript-eslint/no-unused-expressions

/Users/sondre/Documents/App/speed-swift/website/.vercel/output/static/_next/static/chunks/17ck9lb2mopbf.js
  1:786   warning  Expected an assignment or function call and instead saw an expression  @typescript-eslint/no-unused-expressions
  1:1289  warning  Expected an assignment or function call and instead saw an expression  @typescript-eslint/no-unused-expressions
  1:4025  warning  Expected an assignment or function call and instead saw an expression  @typescript-eslint/no-unused-expressions
  1:4853  warning  Expected an assignment or function call and instead saw an expression  @typescript-eslint/no-unused-expressions

/Users/sondre/Documents/App/speed-swift/website/.vercel/output/static/_next/static/chunks/1cf-hu02w6tq8.js
  1:721  warning  Expected an assignment or function call and instead saw an expression  @typescript-eslint/no-unused-expressions
  1:845  warning  Expected an assignment or function call and instead saw an expression  @typescript-eslint/no-unused-expressions

/Users/sondre/Documents/App/speed-swift/website/.vercel/output/static/_next/static/chunks/1frohz3dhgajm.js
  1:492  warning  Expected an assignment or function call and instead saw an expression  @typescript-eslint/no-unused-expressions
  1:666  warning  Expected an assignment or function call and instead saw an expression  @typescript-eslint/no-unused-expressions

/Users/sondre/Documents/App/speed-swift/website/.vercel/output/static/_next/static/chunks/1j65vbndu-49l.js
  1:1401  warning  Expected an assignment or function call and instead saw an expression  @typescript-eslint/no-unused-expressions
  1:1827  warning  Expected an assignment or function call and instead saw an expression  @typescript-eslint/no-unused-expressions
  1:2975  warning  Expected an assignment or function call and instead saw an expression  @typescript-eslint/no-unused-expressions
  1:4146  warning  Expected an assignment or function call and instead saw an expression  @typescript-eslint/no-unused-expressions
  1:5842  warning  Expected an assignment or function call and instead saw an expression  @typescript-eslint/no-unused-expressions
  1:7191  warning  Expected an assignment or function call and instead saw an expression  @typescript-eslint/no-unused-expressions
  1:8161  warning  Expected an assignment or function call and instead saw an expression  @typescript-eslint/no-unused-expressions

/Users/sondre/Documents/App/speed-swift/website/.vercel/output/static/_next/static/chunks/1w4f6sokkgq2s.js
  1:264    warning  Expected an assignment or function call and instead saw an expression  @typescript-eslint/no-unused-expressions
  1:472    warning  Expected an assignment or function call and instead saw an expression  @typescript-eslint/no-unused-expressions
  1:704    warning  Expected an assignment or function call and instead saw an expression  @typescript-eslint/no-unused-expressions
  1:757    warning  Expected an assignment or function call and instead saw an expression  @typescript-eslint/no-unused-expressions
  1:1835   warning  Expected an assignment or function call and instead saw an expression  @typescript-eslint/no-unused-expressions
  1:2102   warning  Expected an assignment or function call and instead saw an expression  @typescript-eslint/no-unused-expressions
  1:2315   warning  Expected an assignment or function call and instead saw an expression  @typescript-eslint/no-unused-expressions
  1:2484   warning  Expected an assignment or function call and instead saw an expression  @typescript-eslint/no-unused-expressions
  1:2747   warning  Expected an assignment or function call and instead saw an expression  @typescript-eslint/no-unused-expressions
  1:2933   warning  Expected an assignment or function call and instead saw an expression  @typescript-eslint/no-unused-expressions
  1:3074   warning  Expected an assignment or function call and instead saw an expression  @typescript-eslint/no-unused-expressions
  1:3380   warning  Expected an assignment or function call and instead saw an expression  @typescript-eslint/no-unused-expressions
  1:3499   warning  Expected an assignment or function call and instead saw an expression  @typescript-eslint/no-unused-expressions
  1:4152   warning  Expected an assignment or function call and instead saw an expression  @typescript-eslint/no-unused-expressions
  1:4249   warning  Expected an assignment or function call and instead saw an expression  @typescript-eslint/no-unused-expressions
  1:4967   warning  Expected an assignment or function call and instead saw an expression  @typescript-eslint/no-unused-expressions
  1:5046   warning  Expected an assignment or function call and instead saw an expression  @typescript-eslint/no-unused-expressions
  1:5157   warning  Expected an assignment or function call and instead saw an expression  @typescript-eslint/no-unused-expressions
  1:5210   warning  Expected an assignment or function call and instead saw an expression  @typescript-eslint/no-unused-expressions
  1:5385   warning  Expected an assignment or function call and instead saw an expression  @typescript-eslint/no-unused-expressions
  1:5471   warning  Expected an assignment or function call and instead saw an expression  @typescript-eslint/no-unused-expressions
  1:5697   warning  Expected an assignment or function call and instead saw an expression  @typescript-eslint/no-unused-expressions
  1:5978   warning  Expected an assignment or function call and instead saw an expression  @typescript-eslint/no-unused-expressions
  1:6048   warning  Expected an assignment or function call and instead saw an expression  @typescript-eslint/no-unused-expressions
  1:6409   warning  Expected an assignment or function call and instead saw an expression  @typescript-eslint/no-unused-expressions
  1:7275   warning  Expected an assignment or function call and instead saw an expression  @typescript-eslint/no-unused-expressions
  1:7431   warning  Expected an assignment or function call and instead saw an expression  @typescript-eslint/no-unused-expressions
  1:7482   warning  Expected an assignment or function call and instead saw an expression  @typescript-eslint/no-unused-expressions
  1:8386   warning  Expected an assignment or function call and instead saw an expression  @typescript-eslint/no-unused-expressions
  1:8731   warning  Expected an assignment or function call and instead saw an expression  @typescript-eslint/no-unused-expressions
  1:8788   warning  Expected an assignment or function call and instead saw an expression  @typescript-eslint/no-unused-expressions
  1:8868   warning  Expected an assignment or function call and instead saw an expression  @typescript-eslint/no-unused-expressions
  1:9036   warning  Expected an assignment or function call and instead saw an expression  @typescript-eslint/no-unused-expressions
  1:9283   warning  Expected an assignment or function call and instead saw an expression  @typescript-eslint/no-unused-expressions
  1:9544   warning  'r' is assigned a value but never used                                 @typescript-eslint/no-unused-vars
  1:10156  warning  Expected an assignment or function call and instead saw an expression  @typescript-eslint/no-unused-expressions
  1:10285  warning  Expected an assignment or function call and instead saw an expression  @typescript-eslint/no-unused-expressions
  1:10477  warning  Expected an assignment or function call and instead saw an expression  @typescript-eslint/no-unused-expressions
  1:11229  warning  Expected an assignment or function call and instead saw an expression  @typescript-eslint/no-unused-expressions
  1:11370  warning  Expected an assignment or function call and instead saw an expression  @typescript-eslint/no-unused-expressions
  1:11417  warning  Expected an assignment or function call and instead saw an expression  @typescript-eslint/no-unused-expressions
  1:11483  warning  Expected an assignment or function call and instead saw an expression  @typescript-eslint/no-unused-expressions
  1:11507  warning  Expected an assignment or function call and instead saw an expression  @typescript-eslint/no-unused-expressions
  1:12301  warning  Expected an assignment or function call and instead saw an expression  @typescript-eslint/no-unused-expressions
  1:12455  warning  Expected an assignment or function call and instead saw an expression  @typescript-eslint/no-unused-expressions
  1:12477  warning  Expected an assignment or function call and instead saw an expression  @typescript-eslint/no-unused-expressions
  1:12521  warning  Expected an assignment or function call and instead saw an expression  @typescript-eslint/no-unused-expressions
  1:12889  warning  Expected an assignment or function call and instead saw an expression  @typescript-eslint/no-unused-expressions
  1:13518  warning  Expected an assignment or function call and instead saw an expression  @typescript-eslint/no-unused-expressions
  1:13700  warning  Expected an assignment or function call and instead saw an expression  @typescript-eslint/no-unused-expressions
  1:15828  warning  Expected an assignment or function call and instead saw an expression  @typescript-eslint/no-unused-expressions
  1:16229  warning  Expected an assignment or function call and instead saw an expression  @typescript-eslint/no-unused-expressions
  1:16314  warning  'e' is defined but never used                                          @typescript-eslint/no-unused-vars
  1:17114  warning  Expected an assignment or function call and instead saw an expression  @typescript-eslint/no-unused-expressions
  1:17699  warning  Expected an assignment or function call and instead saw an expression  @typescript-eslint/no-unused-expressions
  1:17919  warning  Expected an assignment or function call and instead saw an expression  @typescript-eslint/no-unused-expressions
  1:18198  warning  Expected an assignment or function call and instead saw an expression  @typescript-eslint/no-unused-expressions
  1:19268  warning  Expected an assignment or function call and instead saw an expression  @typescript-eslint/no-unused-expressions
  1:19417  warning  Expected an assignment or function call and instead saw an expression  @typescript-eslint/no-unused-expressions
  1:19628  warning  Expected an assignment or function call and instead saw an expression  @typescript-eslint/no-unused-expressions
  1:19702  warning  Expected an assignment or function call and instead saw an expression  @typescript-eslint/no-unused-expressions
  1:19833  warning  Expected an assignment or function call and instead saw an expression  @typescript-eslint/no-unused-expressions
  1:20288  warning  Expected an assignment or function call and instead saw an expression  @typescript-eslint/no-unused-expressions
  1:21262  warning  Expected an assignment or function call and instead saw an expression  @typescript-eslint/no-unused-expressions
  1:21343  warning  Expected an assignment or function call and instead saw an expression  @typescript-eslint/no-unused-expressions
  1:21416  warning  Expected an assignment or function call and instead saw an expression  @typescript-eslint/no-unused-expressions
  1:21593  warning  Expected an assignment or function call and instead saw an expression  @typescript-eslint/no-unused-expressions
  1:21813  warning  Expected an assignment or function call and instead saw an expression  @typescript-eslint/no-unused-expressions
  1:21866  warning  Expected an assignment or function call and instead saw an expression  @typescript-eslint/no-unused-expressions
  1:22045  warning  Expected an assignment or function call and instead saw an expression  @typescript-eslint/no-unused-expressions
  1:22742  warning  Expected an assignment or function call and instead saw an expression  @typescript-eslint/no-unused-expressions
  1:23295  warning  Expected an assignment or function call and instead saw an expression  @typescript-eslint/no-unused-expressions
  1:25359  warning  Expected an assignment or function call and instead saw an expression  @typescript-eslint/no-unused-expressions
  1:25520  warning  Expected an assignment or function call and instead saw an expression  @typescript-eslint/no-unused-expressions
  1:25800  warning  Expected an assignment or function call and instead saw an expression  @typescript-eslint/no-unused-expressions
  1:25955  warning  Expected an assignment or function call and instead saw an expression  @typescript-eslint/no-unused-expressions
  1:26090  warning  Expected an assignment or function call and instead saw an expression  @typescript-eslint/no-unused-expressions
  1:26597  warning  Expected an assignment or function call and instead saw an expression  @typescript-eslint/no-unused-expressions
  5:114    warning  Expected an assignment or function call and instead saw an expression  @typescript-eslint/no-unused-expressions
  5:424    warning  Expected an assignment or function call and instead saw an expression  @typescript-eslint/no-unused-expressions

/Users/sondre/Documents/App/speed-swift/website/.vercel/output/static/_next/static/chunks/1zu3gxeekz_uo.js
  1:4879  warning  Expected an assignment or function call and instead saw an expression  @typescript-eslint/no-unused-expressions

/Users/sondre/Documents/App/speed-swift/website/.vercel/output/static/_next/static/chunks/20laotj1ddp_6.js
  1:3396   warning  Expected an assignment or function call and instead saw an expression  @typescript-eslint/no-unused-expressions
  1:12257  warning  Expected an assignment or function call and instead saw an expression  @typescript-eslint/no-unused-expressions
  1:12387  warning  Expected an assignment or function call and instead saw an expression  @typescript-eslint/no-unused-expressions

/Users/sondre/Documents/App/speed-swift/website/.vercel/output/static/_next/static/chunks/21fuw7day2rry.js
  1:505   warning  Expected an assignment or function call and instead saw an expression  @typescript-eslint/no-unused-expressions
  1:1203  warning  Expected an assignment or function call and instead saw an expression  @typescript-eslint/no-unused-expressions
  1:2698  warning  Expected an assignment or function call and instead saw an expression  @typescript-eslint/no-unused-expressions
  1:6800  warning  Expected an assignment or function call and instead saw an expression  @typescript-eslint/no-unused-expressions
  1:7184  warning  Expected an assignment or function call and instead saw an expression  @typescript-eslint/no-unused-expressions

/Users/sondre/Documents/App/speed-swift/website/.vercel/output/static/_next/static/chunks/24w3t63p5e0bn.js
  1:1224  warning  Expected an assignment or function call and instead saw an expression  @typescript-eslint/no-unused-expressions
  1:9724  warning  Expected an assignment or function call and instead saw an expression  @typescript-eslint/no-unused-expressions
  1:9742  warning  Expected an assignment or function call and instead saw an expression  @typescript-eslint/no-unused-expressions

/Users/sondre/Documents/App/speed-swift/website/.vercel/output/static/_next/static/chunks/26c2w-nbjd_av.js
  1:1458  warning  Expected an assignment or function call and instead saw an expression  @typescript-eslint/no-unused-expressions
  1:1661  warning  Expected an assignment or function call and instead saw an expression  @typescript-eslint/no-unused-expressions

/Users/sondre/Documents/App/speed-swift/website/.vercel/output/static/_next/static/chunks/2cddmci2xt-0-.js
  1:2206  warning  Expected an assignment or function call and instead saw an expression  @typescript-eslint/no-unused-expressions
  1:2721  warning  's' is defined but never used                                          @typescript-eslint/no-unused-vars
  1:2723  warning  'l' is defined but never used                                          @typescript-eslint/no-unused-vars
  1:2739  warning  Expected an assignment or function call and instead saw an expression  @typescript-eslint/no-unused-expressions
  1:3165  warning  Expected an assignment or function call and instead saw an expression  @typescript-eslint/no-unused-expressions
  1:3211  warning  Expected an assignment or function call and instead saw an expression  @typescript-eslint/no-unused-expressions
  1:3239  warning  Expected an assignment or function call and instead saw an expression  @typescript-eslint/no-unused-expressions
  1:3331  warning  Expected an assignment or function call and instead saw an expression  @typescript-eslint/no-unused-expressions
  1:3685  warning  'E' is defined but never used                                          @typescript-eslint/no-unused-vars
  1:3790  warning  Expected an assignment or function call and instead saw an expression  @typescript-eslint/no-unused-expressions
  1:4115  warning  Expected an assignment or function call and instead saw an expression  @typescript-eslint/no-unused-expressions
  1:5526  warning  Expected an assignment or function call and instead saw an expression  @typescript-eslint/no-unused-expressions
  1:5903  warning  Expected an assignment or function call and instead saw an expression  @typescript-eslint/no-unused-expressions
  1:6068  warning  Expected an assignment or function call and instead saw an expression  @typescript-eslint/no-unused-expressions
  1:6638  warning  'w' is defined but never used                                          @typescript-eslint/no-unused-vars
  1:6658  warning  'v' is defined but never used                                          @typescript-eslint/no-unused-vars
  1:6782  warning  'P' is defined but never used                                          @typescript-eslint/no-unused-vars
  1:6793  warning  'A' is defined but never used                                          @typescript-eslint/no-unused-vars
  1:7370  warning  Expected an assignment or function call and instead saw an expression  @typescript-eslint/no-unused-expressions
  2:169   warning  'a' is assigned a value but never used                                 @typescript-eslint/no-unused-vars
  2:198   warning  Expected an assignment or function call and instead saw an expression  @typescript-eslint/no-unused-expressions
  2:310   warning  Expected an assignment or function call and instead saw an expression  @typescript-eslint/no-unused-expressions
  2:372   warning  Expected an assignment or function call and instead saw an expression  @typescript-eslint/no-unused-expressions
  2:1240  warning  Expected an assignment or function call and instead saw an expression  @typescript-eslint/no-unused-expressions
  2:1300  warning  Expected an assignment or function call and instead saw an expression  @typescript-eslint/no-unused-expressions
  2:2369  warning  Expected an assignment or function call and instead saw an expression  @typescript-eslint/no-unused-expressions
  2:3392  warning  Expected an assignment or function call and instead saw an expression  @typescript-eslint/no-unused-expressions
  2:4343  warning  Expected an assignment or function call and instead saw an expression  @typescript-eslint/no-unused-expressions
  2:4404  warning  Expected an assignment or function call and instead saw an expression  @typescript-eslint/no-unused-expressions
  2:4543  warning  Expected an assignment or function call and instead saw an expression  @typescript-eslint/no-unused-expressions
  2:4604  warning  Expected an assignment or function call and instead saw an expression  @typescript-eslint/no-unused-expressions
  2:4903  warning  Expected an assignment or function call and instead saw an expression  @typescript-eslint/no-unused-expressions
  2:5918  warning  Expected an assignment or function call and instead saw an expression  @typescript-eslint/no-unused-expressions
  2:6081  warning  Expected an assignment or function call and instead saw an expression  @typescript-eslint/no-unused-expressions
  2:6350  warning  Expected an assignment or function call and instead saw an expression  @typescript-eslint/no-unused-expressions
  2:7407  warning  Expected an assignment or function call and instead saw an expression  @typescript-eslint/no-unused-expressions
  2:7959  warning  Expected an assignment or function call and instead saw an expression  @typescript-eslint/no-unused-expressions
  2:8025  warning  'a' is defined but never used                                          @typescript-eslint/no-unused-vars
  2:8080  warning  Expected an assignment or function call and instead saw an expression  @typescript-eslint/no-unused-expressions
  2:8537  warning  Expected an assignment or function call and instead saw an expression  @typescript-eslint/no-unused-expressions
  3:348   warning  Expected an assignment or function call and instead saw an expression  @typescript-eslint/no-unused-expressions
  3:936   warning  Expected an assignment or function call and instead saw an expression  @typescript-eslint/no-unused-expressions
  3:1039  warning  Expected an assignment or function call and instead saw an expression  @typescript-eslint/no-unused-expressions
  3:4797  warning  Expected an assignment or function call and instead saw an expression  @typescript-eslint/no-unused-expressions
  3:5057  warning  Expected an assignment or function call and instead saw an expression  @typescript-eslint/no-unused-expressions

/Users/sondre/Documents/App/speed-swift/website/.vercel/output/static/_next/static/chunks/2g7o5drco-fzm.js
   1:142     warning  Expected an assignment or function call and instead saw an expression  @typescript-eslint/no-unused-expressions
   1:497     warning  Expected an assignment or function call and instead saw an expression  @typescript-eslint/no-unused-expressions
   1:748     warning  Expected an assignment or function call and instead saw an expression  @typescript-eslint/no-unused-expressions
   1:893     warning  Expected an assignment or function call and instead saw an expression  @typescript-eslint/no-unused-expressions
   1:1138    warning  Expected an assignment or function call and instead saw an expression  @typescript-eslint/no-unused-expressions
   1:1438    warning  Expected an assignment or function call and instead saw an expression  @typescript-eslint/no-unused-expressions
   1:3172    warning  Expected an assignment or function call and instead saw an expression  @typescript-eslint/no-unused-expressions
   1:3417    warning  Expected an assignment or function call and instead saw an expression  @typescript-eslint/no-unused-expressions
   1:3884    warning  Expected an assignment or function call and instead saw an expression  @typescript-eslint/no-unused-expressions
   1:3992    warning  Expected an assignment or function call and instead saw an expression  @typescript-eslint/no-unused-expressions
   1:4324    warning  Expected an assignment or function call and instead saw an expression  @typescript-eslint/no-unused-expressions
   1:4426    warning  Expected an assignment or function call and instead saw an expression  @typescript-eslint/no-unused-expressions
   1:4458    warning  Expected an assignment or function call and instead saw an expression  @typescript-eslint/no-unused-expressions
   1:4491    warning  Expected an assignment or function call and instead saw an expression  @typescript-eslint/no-unused-expressions
   1:4801    warning  Expected an assignment or function call and instead saw an expression  @typescript-eslint/no-unused-expressions
   1:5749    warning  Expected an assignment or function call and instead saw an expression  @typescript-eslint/no-unused-expressions
   1:6014    warning  Expected an assignment or function call and instead saw an expression  @typescript-eslint/no-unused-expressions
   1:7734    warning  Expected an assignment or function call and instead saw an expression  @typescript-eslint/no-unused-expressions
   1:8034    warning  Expected an assignment or function call and instead saw an expression  @typescript-eslint/no-unused-expressions
   1:8465    warning  't' is defined but never used                                          @typescript-eslint/no-unused-vars
   1:8654    warning  Expected an assignment or function call and instead saw an expression  @typescript-eslint/no-unused-expressions
   1:8899    warning  Expected an assignment or function call and instead saw an expression  @typescript-eslint/no-unused-expressions
   1:9647    warning  Expected an assignment or function call and instead saw an expression  @typescript-eslint/no-unused-expressions
   1:9727    warning  Expected an assignment or function call and instead saw an expression  @typescript-eslint/no-unused-expressions
   1:10032   warning  Expected an assignment or function call and instead saw an expression  @typescript-eslint/no-unused-expressions
   1:10686   warning  Expected an assignment or function call and instead saw an expression  @typescript-eslint/no-unused-expressions
   1:10852   warning  Expected an assignment or function call and instead saw an expression  @typescript-eslint/no-unused-expressions
   1:10897   warning  Expected an assignment or function call and instead saw an expression  @typescript-eslint/no-unused-expressions
   1:10935   warning  Expected an assignment or function call and instead saw an expression  @typescript-eslint/no-unused-expressions
   1:10991   warning  Expected an assignment or function call and instead saw an expression  @typescript-eslint/no-unused-expressions
   1:11087   warning  't' is defined but never used                                          @typescript-eslint/no-unused-vars
   1:11105   warning  Expected an assignment or function call and instead saw an expression  @typescript-eslint/no-unused-expressions
   1:11236   warning  Expected an assignment or function call and instead saw an expression  @typescript-eslint/no-unused-expressions
   1:11668   warning  Expected an assignment or function call and instead saw an expression  @typescript-eslint/no-unused-expressions
   1:11852   warning  Expected an assignment or function call and instead saw an expression  @typescript-eslint/no-unused-expressions
   1:12097   warning  Expected an assignment or function call and instead saw an expression  @typescript-eslint/no-unused-expressions
   1:12330   warning  Expected an assignment or function call and instead saw an expression  @typescript-eslint/no-unused-expressions
   1:12915   warning  Expected an assignment or function call and instead saw an expression  @typescript-eslint/no-unused-expressions
   1:14219   warning  Expected an assignment or function call and instead saw an expression  @typescript-eslint/no-unused-expressions
   1:14937   warning  Expected an assignment or function call and instead saw an expression  @typescript-eslint/no-unused-expressions
   1:15242   warning  Expected an assignment or function call and instead saw an expression  @typescript-eslint/no-unused-expressions
   1:15628   warning  Expected an assignment or function call and instead saw an expression  @typescript-eslint/no-unused-expressions
   1:16609   warning  Expected an assignment or function call and instead saw an expression  @typescript-eslint/no-unused-expressions
   1:17010   warning  Expected an assignment or function call and instead saw an expression  @typescript-eslint/no-unused-expressions
   1:18396   warning  Expected an assignment or function call and instead saw an expression  @typescript-eslint/no-unused-expressions
   1:18507   warning  Expected an assignment or function call and instead saw an expression  @typescript-eslint/no-unused-expressions
   1:18941   warning  Expected an assignment or function call and instead saw an expression  @typescript-eslint/no-unused-expressions
   1:19575   warning  Expected an assignment or function call and instead saw an expression  @typescript-eslint/no-unused-expressions
   1:19935   warning  Expected an assignment or function call and instead saw an expression  @typescript-eslint/no-unused-expressions
   1:20487   warning  Expected an assignment or function call and instead saw an expression  @typescript-eslint/no-unused-expressions
   1:20732   warning  Expected an assignment or function call and instead saw an expression  @typescript-eslint/no-unused-expressions
   1:22521   warning  Expected an assignment or function call and instead saw an expression  @typescript-eslint/no-unused-expressions
   1:22620   warning  Expected an assignment or function call and instead saw an expression  @typescript-eslint/no-unused-expressions
   1:22754   warning  Expected an assignment or function call and instead saw an expression  @typescript-eslint/no-unused-expressions
   1:23065   warning  Expected an assignment or function call and instead saw an expression  @typescript-eslint/no-unused-expressions
   1:23166   warning  Expected an assignment or function call and instead saw an expression  @typescript-eslint/no-unused-expressions
   1:23518   warning  Expected an assignment or function call and instead saw an expression  @typescript-eslint/no-unused-expressions
   1:23589   warning  Expected an assignment or function call and instead saw an expression  @typescript-eslint/no-unused-expressions
   1:23911   warning  Expected an assignment or function call and instead saw an expression  @typescript-eslint/no-unused-expressions
   1:24142   warning  Expected an assignment or function call and instead saw an expression  @typescript-eslint/no-unused-expressions
   1:24307   warning  Expected an assignment or function call and instead saw an expression  @typescript-eslint/no-unused-expressions
   1:24378   warning  Expected an assignment or function call and instead saw an expression  @typescript-eslint/no-unused-expressions
   1:25793   warning  Expected an assignment or function call and instead saw an expression  @typescript-eslint/no-unused-expressions
   1:25848   warning  Expected an assignment or function call and instead saw an expression  @typescript-eslint/no-unused-expressions
   1:25981   warning  Expected an assignment or function call and instead saw an expression  @typescript-eslint/no-unused-expressions
   1:26226   warning  Expected an assignment or function call and instead saw an expression  @typescript-eslint/no-unused-expressions
   1:26281   warning  Expected an assignment or function call and instead saw an expression  @typescript-eslint/no-unused-expressions
   1:26415   warning  Expected an assignment or function call and instead saw an expression  @typescript-eslint/no-unused-expressions
   1:27053   warning  Expected an assignment or function call and instead saw an expression  @typescript-eslint/no-unused-expressions
   1:27234   warning  Expected an assignment or function call and instead saw an expression  @typescript-eslint/no-unused-expressions
   1:27296   warning  Expected an assignment or function call and instead saw an expression  @typescript-eslint/no-unused-expressions
   1:27416   warning  Expected an assignment or function call and instead saw an expression  @typescript-eslint/no-unused-expressions
   1:27638   warning  Expected an assignment or function call and instead saw an expression  @typescript-eslint/no-unused-expressions
   1:28179   warning  Expected an assignment or function call and instead saw an expression  @typescript-eslint/no-unused-expressions
   1:29093   warning  Expected an assignment or function call and instead saw an expression  @typescript-eslint/no-unused-expressions
   1:29225   warning  Expected an assignment or function call and instead saw an expression  @typescript-eslint/no-unused-expressions
   1:29527   warning  Expected an assignment or function call and instead saw an expression  @typescript-eslint/no-unused-expressions
   1:29737   warning  Expected an assignment or function call and instead saw an expression  @typescript-eslint/no-unused-expressions
   1:30001   warning  Expected an assignment or function call and instead saw an expression  @typescript-eslint/no-unused-expressions
   1:30066   warning  Expected an assignment or function call and instead saw an expression  @typescript-eslint/no-unused-expressions
   1:30558   warning  Expected an assignment or function call and instead saw an expression  @typescript-eslint/no-unused-expressions
   1:30612   warning  Expected an assignment or function call and instead saw an expression  @typescript-eslint/no-unused-expressions
   1:30718   warning  Expected an assignment or function call and instead saw an expression  @typescript-eslint/no-unused-expressions
   1:30896   warning  Expected an assignment or function call and instead saw an expression  @typescript-eslint/no-unused-expressions
   1:31400   warning  Expected an assignment or function call and instead saw an expression  @typescript-eslint/no-unused-expressions
   1:31645   warning  Expected an assignment or function call and instead saw an expression  @typescript-eslint/no-unused-expressions
   1:32112   warning  Expected an assignment or function call and instead saw an expression  @typescript-eslint/no-unused-expressions
   1:32357   warning  Expected an assignment or function call and instead saw an expression  @typescript-eslint/no-unused-expressions
   1:33034   warning  Expected an assignment or function call and instead saw an expression  @typescript-eslint/no-unused-expressions
   1:33279   warning  Expected an assignment or function call and instead saw an expression  @typescript-eslint/no-unused-expressions
   1:33585   warning  't' is defined but never used                                          @typescript-eslint/no-unused-vars
   1:34203   warning  Expected an assignment or function call and instead saw an expression  @typescript-eslint/no-unused-expressions
   1:34448   warning  Expected an assignment or function call and instead saw an expression  @typescript-eslint/no-unused-expressions
   1:34690   warning  Expected an assignment or function call and instead saw an expression  @typescript-eslint/no-unused-expressions
   1:35449   warning  Expected an assignment or function call and instead saw an expression  @typescript-eslint/no-unused-expressions
   1:35700   warning  Expected an assignment or function call and instead saw an expression  @typescript-eslint/no-unused-expressions
   1:36618   warning  Expected an assignment or function call and instead saw an expression  @typescript-eslint/no-unused-expressions
   2:443     warning  Expected an assignment or function call and instead saw an expression  @typescript-eslint/no-unused-expressions
   2:1124    warning  Expected an assignment or function call and instead saw an expression  @typescript-eslint/no-unused-expressions
   2:1294    warning  Expected an assignment or function call and instead saw an expression  @typescript-eslint/no-unused-expressions
   2:1320    warning  Expected an assignment or function call and instead saw an expression  @typescript-eslint/no-unused-expressions
   2:1855    warning  Expected an assignment or function call and instead saw an expression  @typescript-eslint/no-unused-expressions
   2:2867    warning  Expected an assignment or function call and instead saw an expression  @typescript-eslint/no-unused-expressions
   2:3231    warning  Expected an assignment or function call and instead saw an expression  @typescript-eslint/no-unused-expressions
   2:3476    warning  Expected an assignment or function call and instead saw an expression  @typescript-eslint/no-unused-expressions
   2:4228    warning  Expected an assignment or function call and instead saw an expression  @typescript-eslint/no-unused-expressions
   2:5101    warning  Expected an assignment or function call and instead saw an expression  @typescript-eslint/no-unused-expressions
   2:5345    warning  Expected an assignment or function call and instead saw an expression  @typescript-eslint/no-unused-expressions
   2:5594    warning  't' is defined but never used                                          @typescript-eslint/no-unused-vars
   2:6262    warning  Expected an assignment or function call and instead saw an expression  @typescript-eslint/no-unused-expressions
   2:6507    warning  Expected an assignment or function call and instead saw an expression  @typescript-eslint/no-unused-expressions
   2:6740    warning  Expected an assignment or function call and instead saw an expression  @typescript-eslint/no-unused-expressions
   2:6823    warning  'r' is defined but never used                                          @typescript-eslint/no-unused-vars
   2:6825    warning  'n' is defined but never used                                          @typescript-eslint/no-unused-vars
   2:6853    warning  Expected an assignment or function call and instead saw an expression  @typescript-eslint/no-unused-expressions
   2:6980    warning  Expected an assignment or function call and instead saw an expression  @typescript-eslint/no-unused-expressions
   2:7837    warning  Expected an assignment or function call and instead saw an expression  @typescript-eslint/no-unused-expressions
   2:8228    warning  Expected an assignment or function call and instead saw an expression  @typescript-eslint/no-unused-expressions
   2:8415    warning  Expected an assignment or function call and instead saw an expression  @typescript-eslint/no-unused-expressions
   2:9005    warning  Expected an assignment or function call and instead saw an expression  @typescript-eslint/no-unused-expressions
   2:9101    warning  Expected an assignment or function call and instead saw an expression  @typescript-eslint/no-unused-expressions
   2:10105   warning  Expected an assignment or function call and instead saw an expression  @typescript-eslint/no-unused-expressions
   2:10143   warning  Expected an assignment or function call and instead saw an expression  @typescript-eslint/no-unused-expressions
   2:10634   warning  Expected an assignment or function call and instead saw an expression  @typescript-eslint/no-unused-expressions
   2:10789   warning  Expected an assignment or function call and instead saw an expression  @typescript-eslint/no-unused-expressions
   2:10877   warning  Expected an assignment or function call and instead saw an expression  @typescript-eslint/no-unused-expressions
   2:10909   warning  Expected an assignment or function call and instead saw an expression  @typescript-eslint/no-unused-expressions
   2:10978   warning  Expected an assignment or function call and instead saw an expression  @typescript-eslint/no-unused-expressions
   2:11038   warning  Expected an assignment or function call and instead saw an expression  @typescript-eslint/no-unused-expressions
   2:11147   warning  Expected an assignment or function call and instead saw an expression  @typescript-eslint/no-unused-expressions
   2:11189   warning  Expected an assignment or function call and instead saw an expression  @typescript-eslint/no-unused-expressions
   2:11369   warning  Expected an assignment or function call and instead saw an expression  @typescript-eslint/no-unused-expressions
   2:11424   warning  Expected an assignment or function call and instead saw an expression  @typescript-eslint/no-unused-expressions
   2:11494   warning  Expected an assignment or function call and instead saw an expression  @typescript-eslint/no-unused-expressions
   2:11540   warning  Expected an assignment or function call and instead saw an expression  @typescript-eslint/no-unused-expressions
   2:11785   warning  Expected an assignment or function call and instead saw an expression  @typescript-eslint/no-unused-expressions
   2:14607   warning  Expected an assignment or function call and instead saw an expression  @typescript-eslint/no-unused-expressions
   2:14666   warning  Expected an assignment or function call and instead saw an expression  @typescript-eslint/no-unused-expressions
   2:14721   warning  Expected an assignment or function call and instead saw an expression  @typescript-eslint/no-unused-expressions
   2:14820   warning  Expected an assignment or function call and instead saw an expression  @typescript-eslint/no-unused-expressions
   2:14937   warning  Expected an assignment or function call and instead saw an expression  @typescript-eslint/no-unused-expressions
   2:15202   warning  'n' is assigned a value but never used                                 @typescript-eslint/no-unused-vars
   2:15672   warning  Expected an assignment or function call and instead saw an expression  @typescript-eslint/no-unused-expressions
   2:17872   warning  Expected an assignment or function call and instead saw an expression  @typescript-eslint/no-unused-expressions
   2:18195   warning  Expected an assignment or function call and instead saw an expression  @typescript-eslint/no-unused-expressions
   2:20210   warning  Expected an assignment or function call and instead saw an expression  @typescript-eslint/no-unused-expressions
   2:20277   warning  Expected an assignment or function call and instead saw an expression  @typescript-eslint/no-unused-expressions
   2:20934   warning  Expected an assignment or function call and instead saw an expression  @typescript-eslint/no-unused-expressions
   2:21017   warning  Expected an assignment or function call and instead saw an expression  @typescript-eslint/no-unused-expressions
   2:21395   warning  Expected an assignment or function call and instead saw an expression  @typescript-eslint/no-unused-expressions
   2:21744   warning  Expected an assignment or function call and instead saw an expression  @typescript-eslint/no-unused-expressions
   2:22156   warning  Expected an assignment or function call and instead saw an expression  @typescript-eslint/no-unused-expressions
   2:22874   warning  Expected an assignment or function call and instead saw an expression  @typescript-eslint/no-unused-expressions
   2:23002   warning  Expected an assignment or function call and instead saw an expression  @typescript-eslint/no-unused-expressions
   2:23179   warning  Expected an assignment or function call and instead saw an expression  @typescript-eslint/no-unused-expressions
   2:23755   warning  Expected an assignment or function call and instead saw an expression  @typescript-eslint/no-unused-expressions
   2:24029   warning  Expected an assignment or function call and instead saw an expression  @typescript-eslint/no-unused-expressions
   2:24828   warning  't' is defined but never used                                          @typescript-eslint/no-unused-vars
   2:24905   warning  Expected an assignment or function call and instead saw an expression  @typescript-eslint/no-unused-expressions
   2:25053   warning  'e' is defined but never used                                          @typescript-eslint/no-unused-vars
   2:25674   warning  Expected an assignment or function call and instead saw an expression  @typescript-eslint/no-unused-expressions
   2:26333   warning  Expected an assignment or function call and instead saw an expression  @typescript-eslint/no-unused-expressions
   2:26762   warning  Expected an assignment or function call and instead saw an expression  @typescript-eslint/no-unused-expressions
   2:26978   warning  Expected an assignment or function call and instead saw an expression  @typescript-eslint/no-unused-expressions
   2:27569   warning  Expected an assignment or function call and instead saw an expression  @typescript-eslint/no-unused-expressions
   2:27742   warning  Expected an assignment or function call and instead saw an expression  @typescript-eslint/no-unused-expressions
   2:27757   warning  Expected an assignment or function call and instead saw an expression  @typescript-eslint/no-unused-expressions
   2:27911   warning  Expected an assignment or function call and instead saw an expression  @typescript-eslint/no-unused-expressions
   2:28636   warning  Expected an assignment or function call and instead saw an expression  @typescript-eslint/no-unused-expressions
   2:28891   warning  Expected an assignment or function call and instead saw an expression  @typescript-eslint/no-unused-expressions
   2:29615   warning  Expected an assignment or function call and instead saw an expression  @typescript-eslint/no-unused-expressions
   2:29837   warning  Expected an assignment or function call and instead saw an expression  @typescript-eslint/no-unused-expressions
   2:29878   warning  Expected an assignment or function call and instead saw an expression  @typescript-eslint/no-unused-expressions
   2:29946   warning  Expected an assignment or function call and instead saw an expression  @typescript-eslint/no-unused-expressions
   2:30268   warning  Expected an assignment or function call and instead saw an expression  @typescript-eslint/no-unused-expressions
   2:31073   warning  'e' is defined but never used                                          @typescript-eslint/no-unused-vars
   2:31160   warning  Expected an assignment or function call and instead saw an expression  @typescript-eslint/no-unused-expressions
   2:31619   warning  Expected an assignment or function call and instead saw an expression  @typescript-eslint/no-unused-expressions
   2:31787   warning  Expected an assignment or function call and instead saw an expression  @typescript-eslint/no-unused-expressions
   2:31852   warning  Expected an assignment or function call and instead saw an expression  @typescript-eslint/no-unused-expressions
   2:31983   warning  Expected an assignment or function call and instead saw an expression  @typescript-eslint/no-unused-expressions
   2:32285   warning  Expected an assignment or function call and instead saw an expression  @typescript-eslint/no-unused-expressions
   2:32493   warning  Expected an assignment or function call and instead saw an expression  @typescript-eslint/no-unused-expressions
   2:33013   warning  Expected an assignment or function call and instead saw an expression  @typescript-eslint/no-unused-expressions
   2:33083   warning  Expected an assignment or function call and instead saw an expression  @typescript-eslint/no-unused-expressions
   2:33195   warning  Expected an assignment or function call and instead saw an expression  @typescript-eslint/no-unused-expressions
   2:33290   warning  Expected an assignment or function call and instead saw an expression  @typescript-eslint/no-unused-expressions
   2:34681   warning  Expected an assignment or function call and instead saw an expression  @typescript-eslint/no-unused-expressions
   2:34733   warning  Expected an assignment or function call and instead saw an expression  @typescript-eslint/no-unused-expressions
   2:34773   warning  Expected an assignment or function call and instead saw an expression  @typescript-eslint/no-unused-expressions
   2:35052   warning  Expected an assignment or function call and instead saw an expression  @typescript-eslint/no-unused-expressions
   2:35851   warning  Expected an assignment or function call and instead saw an expression  @typescript-eslint/no-unused-expressions
   2:35887   warning  Expected an assignment or function call and instead saw an expression  @typescript-eslint/no-unused-expressions
   2:35968   warning  Expected an assignment or function call and instead saw an expression  @typescript-eslint/no-unused-expressions
   2:36042   warning  Expected an assignment or function call and instead saw an expression  @typescript-eslint/no-unused-expressions
   2:36174   warning  Expected an assignment or function call and instead saw an expression  @typescript-eslint/no-unused-expressions
   2:36292   warning  Expected an assignment or function call and instead saw an expression  @typescript-eslint/no-unused-expressions
   2:36327   warning  Expected an assignment or function call and instead saw an expression  @typescript-eslint/no-unused-expressions
   2:37312   warning  'e' is defined but never used                                          @typescript-eslint/no-unused-vars
   2:37341   warning  'e' is defined but never used                                          @typescript-eslint/no-unused-vars
   2:37343   warning  't' is defined but never used                                          @typescript-eslint/no-unused-vars
   2:37444   warning  'e' is defined but never used                                          @typescript-eslint/no-unused-vars
   2:37446   warning  't' is defined but never used                                          @typescript-eslint/no-unused-vars
   2:37458   warning  Expected an assignment or function call and instead saw an expression  @typescript-eslint/no-unused-expressions
   2:37703   warning  Expected an assignment or function call and instead saw an expression  @typescript-eslint/no-unused-expressions
   2:40477   warning  Expected an assignment or function call and instead saw an expression  @typescript-eslint/no-unused-expressions
   2:40540   warning  Expected an assignment or function call and instead saw an expression  @typescript-eslint/no-unused-expressions
   2:41558   warning  Expected an assignment or function call and instead saw an expression  @typescript-eslint/no-unused-expressions
   2:41667   warning  Expected an assignment or function call and instead saw an expression  @typescript-eslint/no-unused-expressions
   2:41795   warning  Expected an assignment or function call and instead saw an expression  @typescript-eslint/no-unused-expressions
   2:42562   warning  Expected an assignment or function call and instead saw an expression  @typescript-eslint/no-unused-expressions
   2:43173   warning  Expected an assignment or function call and instead saw an expression  @typescript-eslint/no-unused-expressions
   2:43202   warning  Expected an assignment or function call and instead saw an expression  @typescript-eslint/no-unused-expressions
   2:43249   warning  Expected an assignment or function call and instead saw an expression  @typescript-eslint/no-unused-expressions
   2:43274   warning  Expected an assignment or function call and instead saw an expression  @typescript-eslint/no-unused-expressions
   2:43364   warning  Expected an assignment or function call and instead saw an expression  @typescript-eslint/no-unused-expressions
   2:43487   warning  Expected an assignment or function call and instead saw an expression  @typescript-eslint/no-unused-expressions
   2:43961   warning  Expected an assignment or function call and instead saw an expression  @typescript-eslint/no-unused-expressions
   2:45381   warning  Expected an assignment or function call and instead saw an expression  @typescript-eslint/no-unused-expressions
   2:45463   warning  Expected an assignment or function call and instead saw an expression  @typescript-eslint/no-unused-expressions
   2:46270   warning  Expected an assignment or function call and instead saw an expression  @typescript-eslint/no-unused-expressions
   2:46414   warning  Expected an assignment or function call and instead saw an expression  @typescript-eslint/no-unused-expressions
   2:48186   warning  Expected an assignment or function call and instead saw an expression  @typescript-eslint/no-unused-expressions
   2:49341   warning  Expected an assignment or function call and instead saw an expression  @typescript-eslint/no-unused-expressions
   2:49585   warning  Expected an assignment or function call and instead saw an expression  @typescript-eslint/no-unused-expressions
   2:49945   warning  Expected an assignment or function call and instead saw an expression  @typescript-eslint/no-unused-expressions
   2:50190   warning  Expected an assignment or function call and instead saw an expression  @typescript-eslint/no-unused-expressions
   2:50939   warning  Expected an assignment or function call and instead saw an expression  @typescript-eslint/no-unused-expressions
   2:50983   warning  Expected an assignment or function call and instead saw an expression  @typescript-eslint/no-unused-expressions
   2:51021   warning  'l' is defined but never used                                          @typescript-eslint/no-unused-vars
   2:51453   warning  Expected an assignment or function call and instead saw an expression  @typescript-eslint/no-unused-expressions
   2:51559   warning  Expected an assignment or function call and instead saw an expression  @typescript-eslint/no-unused-expressions
   2:51626   warning  Expected an assignment or function call and instead saw an expression  @typescript-eslint/no-unused-expressions
   2:52001   warning  Expected an assignment or function call and instead saw an expression  @typescript-eslint/no-unused-expressions
   2:52168   warning  Expected an assignment or function call and instead saw an expression  @typescript-eslint/no-unused-expressions
   2:52360   warning  Expected an assignment or function call and instead saw an expression  @typescript-eslint/no-unused-expressions
   2:52382   warning  Expected an assignment or function call and instead saw an expression  @typescript-eslint/no-unused-expressions
   2:52492   warning  Expected an assignment or function call and instead saw an expression  @typescript-eslint/no-unused-expressions
   2:52743   warning  Expected an assignment or function call and instead saw an expression  @typescript-eslint/no-unused-expressions
   2:53822   warning  Expected an assignment or function call and instead saw an expression  @typescript-eslint/no-unused-expressions
   2:55410   warning  Expected an assignment or function call and instead saw an expression  @typescript-eslint/no-unused-expressions
   2:56236   warning  Expected an assignment or function call and instead saw an expression  @typescript-eslint/no-unused-expressions
   2:57285   warning  Expected an assignment or function call and instead saw an expression  @typescript-eslint/no-unused-expressions
   2:57711   warning  Expected an assignment or function call and instead saw an expression  @typescript-eslint/no-unused-expressions
   2:57914   warning  Expected an assignment or function call and instead saw an expression  @typescript-eslint/no-unused-expressions
   2:57939   warning  Expected an assignment or function call and instead saw an expression  @typescript-eslint/no-unused-expressions
   2:58044   warning  Expected an assignment or function call and instead saw an expression  @typescript-eslint/no-unused-expressions
   2:58390   warning  Expected an assignment or function call and instead saw an expression  @typescript-eslint/no-unused-expressions
   2:58620   warning  Expected an assignment or function call and instead saw an expression  @typescript-eslint/no-unused-expressions
   2:59288   warning  Expected an assignment or function call and instead saw an expression  @typescript-eslint/no-unused-expressions
   2:59408   warning  Expected an assignment or function call and instead saw an expression  @typescript-eslint/no-unused-expressions
   2:59507   warning  Expected an assignment or function call and instead saw an expression  @typescript-eslint/no-unused-expressions
   2:59826   warning  Expected an assignment or function call and instead saw an expression  @typescript-eslint/no-unused-expressions
   2:60075   warning  Expected an assignment or function call and instead saw an expression  @typescript-eslint/no-unused-expressions
   2:60406   warning  Expected an assignment or function call and instead saw an expression  @typescript-eslint/no-unused-expressions
   2:60576   warning  Expected an assignment or function call and instead saw an expression  @typescript-eslint/no-unused-expressions
   2:60893   warning  Expected an assignment or function call and instead saw an expression  @typescript-eslint/no-unused-expressions
   2:61542   warning  Expected an assignment or function call and instead saw an expression  @typescript-eslint/no-unused-expressions
   2:62741   warning  Expected an assignment or function call and instead saw an expression  @typescript-eslint/no-unused-expressions
   2:62986   warning  Expected an assignment or function call and instead saw an expression  @typescript-eslint/no-unused-expressions
   2:63127   warning  Expected an assignment or function call and instead saw an expression  @typescript-eslint/no-unused-expressions
   2:63280   warning  Expected an assignment or function call and instead saw an expression  @typescript-eslint/no-unused-expressions
   2:63426   warning  Expected an assignment or function call and instead saw an expression  @typescript-eslint/no-unused-expressions
   2:63476   warning  Expected an assignment or function call and instead saw an expression  @typescript-eslint/no-unused-expressions
   2:64338   warning  Expected an assignment or function call and instead saw an expression  @typescript-eslint/no-unused-expressions
   2:66912   warning  Expected an assignment or function call and instead saw an expression  @typescript-eslint/no-unused-expressions
   2:67157   warning  Expected an assignment or function call and instead saw an expression  @typescript-eslint/no-unused-expressions
   2:68052   warning  Expected an assignment or function call and instead saw an expression  @typescript-eslint/no-unused-expressions
   2:68191   warning  Expected an assignment or function call and instead saw an expression  @typescript-eslint/no-unused-expressions
   2:69293   warning  Expected an assignment or function call and instead saw an expression  @typescript-eslint/no-unused-expressions
   2:69411   warning  Expected an assignment or function call and instead saw an expression  @typescript-eslint/no-unused-expressions
   2:69872   warning  'a' is assigned a value but never used                                 @typescript-eslint/no-unused-vars
   2:70136   warning  Expected an assignment or function call and instead saw an expression  @typescript-eslint/no-unused-expressions
   2:70381   warning  Expected an assignment or function call and instead saw an expression  @typescript-eslint/no-unused-expressions
   2:70683   warning  Expected an assignment or function call and instead saw an expression  @typescript-eslint/no-unused-expressions
   2:71185   warning  Expected an assignment or function call and instead saw an expression  @typescript-eslint/no-unused-expressions
   2:71453   warning  Expected an assignment or function call and instead saw an expression  @typescript-eslint/no-unused-expressions
   2:71852   warning  Expected an assignment or function call and instead saw an expression  @typescript-eslint/no-unused-expressions
   2:73800   warning  Expected an assignment or function call and instead saw an expression  @typescript-eslint/no-unused-expressions
   2:73877   warning  Expected an assignment or function call and instead saw an expression  @typescript-eslint/no-unused-expressions
   2:74660   warning  Expected an assignment or function call and instead saw an expression  @typescript-eslint/no-unused-expressions
   2:74704   warning  Expected an assignment or function call and instead saw an expression  @typescript-eslint/no-unused-expressions
   2:74912   warning  Expected an assignment or function call and instead saw an expression  @typescript-eslint/no-unused-expressions
   2:75538   warning  Expected an assignment or function call and instead saw an expression  @typescript-eslint/no-unused-expressions
   2:75651   warning  Expected an assignment or function call and instead saw an expression  @typescript-eslint/no-unused-expressions
   2:75967   warning  'n' is defined but never used                                          @typescript-eslint/no-unused-vars
   2:76009   warning  Expected an assignment or function call and instead saw an expression  @typescript-eslint/no-unused-expressions
   2:76102   warning  Expected an assignment or function call and instead saw an expression  @typescript-eslint/no-unused-expressions
   2:76686   warning  Expected an assignment or function call and instead saw an expression  @typescript-eslint/no-unused-expressions
   2:76901   warning  Expected an assignment or function call and instead saw an expression  @typescript-eslint/no-unused-expressions
   2:77023   warning  Expected an assignment or function call and instead saw an expression  @typescript-eslint/no-unused-expressions
   2:77367   warning  Expected an assignment or function call and instead saw an expression  @typescript-eslint/no-unused-expressions
   2:77533   warning  Expected an assignment or function call and instead saw an expression  @typescript-eslint/no-unused-expressions
   2:77613   warning  Expected an assignment or function call and instead saw an expression  @typescript-eslint/no-unused-expressions
   2:77883   warning  Expected an assignment or function call and instead saw an expression  @typescript-eslint/no-unused-expressions
   2:77953   warning  Expected an assignment or function call and instead saw an expression  @typescript-eslint/no-unused-expressions
   2:78145   warning  Expected an assignment or function call and instead saw an expression  @typescript-eslint/no-unused-expressions
   2:78251   warning  Expected an assignment or function call and instead saw an expression  @typescript-eslint/no-unused-expressions
   2:78399   warning  Expected an assignment or function call and instead saw an expression  @typescript-eslint/no-unused-expressions
   2:78488   warning  Expected an assignment or function call and instead saw an expression  @typescript-eslint/no-unused-expressions
   2:78516   warning  Expected an assignment or function call and instead saw an expression  @typescript-eslint/no-unused-expressions
   2:78570   warning  Expected an assignment or function call and instead saw an expression  @typescript-eslint/no-unused-expressions
   2:78649   warning  Expected an assignment or function call and instead saw an expression  @typescript-eslint/no-unused-expressions
   2:78703   warning  Expected an assignment or function call and instead saw an expression  @typescript-eslint/no-unused-expressions
   2:78751   warning  Expected an assignment or function call and instead saw an expression  @typescript-eslint/no-unused-expressions
   2:78812   warning  Expected an assignment or function call and instead saw an expression  @typescript-eslint/no-unused-expressions
   2:79565   warning  Expected an assignment or function call and instead saw an expression  @typescript-eslint/no-unused-expressions
   2:80224   warning  Expected an assignment or function call and instead saw an expression  @typescript-eslint/no-unused-expressions
   2:80279   warning  Expected an assignment or function call and instead saw an expression  @typescript-eslint/no-unused-expressions
   2:80454   warning  Expected an assignment or function call and instead saw an expression  @typescript-eslint/no-unused-expressions
   2:81371   warning  Expected an assignment or function call and instead saw an expression  @typescript-eslint/no-unused-expressions
   2:81660   warning  Expected an assignment or function call and instead saw an expression  @typescript-eslint/no-unused-expressions
   2:81696   warning  Expected an assignment or function call and instead saw an expression  @typescript-eslint/no-unused-expressions
   2:82064   warning  Expected an assignment or function call and instead saw an expression  @typescript-eslint/no-unused-expressions
   2:82115   warning  Expected an assignment or function call and instead saw an expression  @typescript-eslint/no-unused-expressions
   2:83862   warning  Expected an assignment or function call and instead saw an expression  @typescript-eslint/no-unused-expressions
   2:84189   warning  Expected an assignment or function call and instead saw an expression  @typescript-eslint/no-unused-expressions
   2:84327   warning  Expected an assignment or function call and instead saw an expression  @typescript-eslint/no-unused-expressions
   2:84605   warning  Expected an assignment or function call and instead saw an expression  @typescript-eslint/no-unused-expressions
   2:84733   warning  Expected an assignment or function call and instead saw an expression  @typescript-eslint/no-unused-expressions
   2:84877   warning  Expected an assignment or function call and instead saw an expression  @typescript-eslint/no-unused-expressions
   2:84971   warning  Expected an assignment or function call and instead saw an expression  @typescript-eslint/no-unused-expressions
   2:85063   warning  Expected an assignment or function call and instead saw an expression  @typescript-eslint/no-unused-expressions
   2:85174   warning  Expected an assignment or function call and instead saw an expression  @typescript-eslint/no-unused-expressions
   2:85291   warning  Expected an assignment or function call and instead saw an expression  @typescript-eslint/no-unused-expressions
   2:85635   warning  Expected an assignment or function call and instead saw an expression  @typescript-eslint/no-unused-expressions
   2:85747   warning  Expected an assignment or function call and instead saw an expression  @typescript-eslint/no-unused-expressions
   2:86208   warning  Expected an assignment or function call and instead saw an expression  @typescript-eslint/no-unused-expressions
   2:87687   warning  Expected an assignment or function call and instead saw an expression  @typescript-eslint/no-unused-expressions
   2:87830   warning  Expected an assignment or function call and instead saw an expression  @typescript-eslint/no-unused-expressions
   2:87896   warning  Expected an assignment or function call and instead saw an expression  @typescript-eslint/no-unused-expressions
   2:88580   warning  Expected an assignment or function call and instead saw an expression  @typescript-eslint/no-unused-expressions
   2:88640   warning  Expected an assignment or function call and instead saw an expression  @typescript-eslint/no-unused-expressions
   2:88862   warning  Expected an assignment or function call and instead saw an expression  @typescript-eslint/no-unused-expressions
   2:88953   warning  Expected an assignment or function call and instead saw an expression  @typescript-eslint/no-unused-expressions
   2:89007   warning  Expected an assignment or function call and instead saw an expression  @typescript-eslint/no-unused-expressions
   2:90063   warning  Expected an assignment or function call and instead saw an expression  @typescript-eslint/no-unused-expressions
   2:90173   warning  Expected an assignment or function call and instead saw an expression  @typescript-eslint/no-unused-expressions
   2:90318   warning  Expected an assignment or function call and instead saw an expression  @typescript-eslint/no-unused-expressions
   2:90373   warning  Expected an assignment or function call and instead saw an expression  @typescript-eslint/no-unused-expressions
   2:90437   warning  Expected an assignment or function call and instead saw an expression  @typescript-eslint/no-unused-expressions
   2:90492   warning  Expected an assignment or function call and instead saw an expression  @typescript-eslint/no-unused-expressions
   2:90547   warning  Expected an assignment or function call and instead saw an expression  @typescript-eslint/no-unused-expressions
   2:90643   warning  Expected an assignment or function call and instead saw an expression  @typescript-eslint/no-unused-expressions
   2:90698   warning  Expected an assignment or function call and instead saw an expression  @typescript-eslint/no-unused-expressions
   2:90827   warning  Expected an assignment or function call and instead saw an expression  @typescript-eslint/no-unused-expressions
   2:91117   warning  Expected an assignment or function call and instead saw an expression  @typescript-eslint/no-unused-expressions
   2:91217   warning  Expected an assignment or function call and instead saw an expression  @typescript-eslint/no-unused-expressions
   2:91350   warning  Expected an assignment or function call and instead saw an expression  @typescript-eslint/no-unused-expressions
   2:91560   warning  Expected an assignment or function call and instead saw an expression  @typescript-eslint/no-unused-expressions
   2:92504   warning  Expected an assignment or function call and instead saw an expression  @typescript-eslint/no-unused-expressions
   2:92732   warning  Expected an assignment or function call and instead saw an expression  @typescript-eslint/no-unused-expressions
   2:92927   warning  Expected an assignment or function call and instead saw an expression  @typescript-eslint/no-unused-expressions
   2:93084   warning  Expected an assignment or function call and instead saw an expression  @typescript-eslint/no-unused-expressions
   2:93191   warning  Expected an assignment or function call and instead saw an expression  @typescript-eslint/no-unused-expressions
   2:93327   warning  Expected an assignment or function call and instead saw an expression  @typescript-eslint/no-unused-expressions
   2:94832   warning  'i' is defined but never used                                          @typescript-eslint/no-unused-vars
   2:94937   warning  Expected an assignment or function call and instead saw an expression  @typescript-eslint/no-unused-expressions
   2:95010   warning  Expected an assignment or function call and instead saw an expression  @typescript-eslint/no-unused-expressions
   2:95190   warning  Expected an assignment or function call and instead saw an expression  @typescript-eslint/no-unused-expressions
   2:95652   warning  Expected an assignment or function call and instead saw an expression  @typescript-eslint/no-unused-expressions
   2:95706   warning  Expected an assignment or function call and instead saw an expression  @typescript-eslint/no-unused-expressions
   2:96947   warning  Expected an assignment or function call and instead saw an expression  @typescript-eslint/no-unused-expressions
   2:97118   warning  Expected an assignment or function call and instead saw an expression  @typescript-eslint/no-unused-expressions
   2:97273   warning  'r' is defined but never used                                          @typescript-eslint/no-unused-vars
   2:97291   warning  Expected an assignment or function call and instead saw an expression  @typescript-eslint/no-unused-expressions
   2:97335   warning  'r' is defined but never used                                          @typescript-eslint/no-unused-vars
   2:107506  warning  Expected an assignment or function call and instead saw an expression  @typescript-eslint/no-unused-expressions
   2:107634  warning  Expected an assignment or function call and instead saw an expression  @typescript-eslint/no-unused-expressions
  22:176     warning  Expected an assignment or function call and instead saw an expression  @typescript-eslint/no-unused-expressions
  22:347     warning  Expected an assignment or function call and instead saw an expression  @typescript-eslint/no-unused-expressions
  22:664     warning  Expected an assignment or function call and instead saw an expression  @typescript-eslint/no-unused-expressions
  22:870     warning  Expected an assignment or function call and instead saw an expression  @typescript-eslint/no-unused-expressions
  22:1079    warning  Expected an assignment or function call and instead saw an expression  @typescript-eslint/no-unused-expressions
  22:1126    warning  Expected an assignment or function call and instead saw an expression  @typescript-eslint/no-unused-expressions
  22:1300    warning  Expected an assignment or function call and instead saw an expression  @typescript-eslint/no-unused-expressions
  22:1684    warning  Expected an assignment or function call and instead saw an expression  @typescript-eslint/no-unused-expressions
  22:1851    warning  Expected an assignment or function call and instead saw an expression  @typescript-eslint/no-unused-expressions
  22:2174    warning  Expected an assignment or function call and instead saw an expression  @typescript-eslint/no-unused-expressions
  22:2418    warning  Expected an assignment or function call and instead saw an expression  @typescript-eslint/no-unused-expressions
  22:2601    warning  't' is defined but never used                                          @typescript-eslint/no-unused-vars
  22:2670    warning  Expected an assignment or function call and instead saw an expression  @typescript-eslint/no-unused-expressions
  22:3541    warning  Expected an assignment or function call and instead saw an expression  @typescript-eslint/no-unused-expressions
  22:6433    warning  Expected an assignment or function call and instead saw an expression  @typescript-eslint/no-unused-expressions
  22:6590    warning  Expected an assignment or function call and instead saw an expression  @typescript-eslint/no-unused-expressions
  22:6885    warning  Expected an assignment or function call and instead saw an expression  @typescript-eslint/no-unused-expressions
  22:7088    warning  Expected an assignment or function call and instead saw an expression  @typescript-eslint/no-unused-expressions
  22:8446    warning  Expected an assignment or function call and instead saw an expression  @typescript-eslint/no-unused-expressions
  22:9240    warning  Expected an assignment or function call and instead saw an expression  @typescript-eslint/no-unused-expressions

/Users/sondre/Documents/App/speed-swift/website/.vercel/output/static/_next/static/chunks/2lpkc79990v7q.js
  1:551   warning  Expected an assignment or function call and instead saw an expression  @typescript-eslint/no-unused-expressions
  1:1023  warning  Expected an assignment or function call and instead saw an expression  @typescript-eslint/no-unused-expressions
  1:1300  warning  Expected an assignment or function call and instead saw an expression  @typescript-eslint/no-unused-expressions
  1:1677  warning  Expected an assignment or function call and instead saw an expression  @typescript-eslint/no-unused-expressions
  1:5956  warning  Expected an assignment or function call and instead saw an expression  @typescript-eslint/no-unused-expressions

/Users/sondre/Documents/App/speed-swift/website/.vercel/output/static/_next/static/chunks/2m88zogk37443.js
  1:483  warning  Expected an assignment or function call and instead saw an expression  @typescript-eslint/no-unused-expressions

/Users/sondre/Documents/App/speed-swift/website/.vercel/output/static/_next/static/chunks/2mn6kq2i1xe8m.js
  1:230    warning  Expected an assignment or function call and instead saw an expression  @typescript-eslint/no-unused-expressions
  1:413    warning  Expected an assignment or function call and instead saw an expression  @typescript-eslint/no-unused-expressions
  1:802    warning  's' is assigned a value but never used                                 @typescript-eslint/no-unused-vars
  1:990    warning  Expected an assignment or function call and instead saw an expression  @typescript-eslint/no-unused-expressions
  1:2542   warning  Expected an assignment or function call and instead saw an expression  @typescript-eslint/no-unused-expressions
  1:2700   warning  Expected an assignment or function call and instead saw an expression  @typescript-eslint/no-unused-expressions
  1:2874   warning  Expected an assignment or function call and instead saw an expression  @typescript-eslint/no-unused-expressions
  1:2928   warning  Expected an assignment or function call and instead saw an expression  @typescript-eslint/no-unused-expressions
  1:3519   warning  Expected an assignment or function call and instead saw an expression  @typescript-eslint/no-unused-expressions
  1:3651   warning  Expected an assignment or function call and instead saw an expression  @typescript-eslint/no-unused-expressions
  1:3958   warning  Expected an assignment or function call and instead saw an expression  @typescript-eslint/no-unused-expressions
  1:4256   warning  Expected an assignment or function call and instead saw an expression  @typescript-eslint/no-unused-expressions
  1:25868  warning  Expected an assignment or function call and instead saw an expression  @typescript-eslint/no-unused-expressions
  1:26006  warning  Expected an assignment or function call and instead saw an expression  @typescript-eslint/no-unused-expressions
  1:26239  warning  Expected an assignment or function call and instead saw an expression  @typescript-eslint/no-unused-expressions
  1:26301  warning  Expected an assignment or function call and instead saw an expression  @typescript-eslint/no-unused-expressions
  1:26820  warning  Expected an assignment or function call and instead saw an expression  @typescript-eslint/no-unused-expressions
  1:27662  warning  Expected an assignment or function call and instead saw an expression  @typescript-eslint/no-unused-expressions

/Users/sondre/Documents/App/speed-swift/website/.vercel/output/static/_next/static/chunks/2s1x_0v16ysq3.js
  1:5092   warning  Expected an assignment or function call and instead saw an expression  @typescript-eslint/no-unused-expressions
  1:5271   warning  Expected an assignment or function call and instead saw an expression  @typescript-eslint/no-unused-expressions
  1:5426   warning  Expected an assignment or function call and instead saw an expression  @typescript-eslint/no-unused-expressions
  1:5565   warning  Expected an assignment or function call and instead saw an expression  @typescript-eslint/no-unused-expressions
  1:5725   warning  Expected an assignment or function call and instead saw an expression  @typescript-eslint/no-unused-expressions
  1:5848   warning  Expected an assignment or function call and instead saw an expression  @typescript-eslint/no-unused-expressions
  1:6535   warning  Expected an assignment or function call and instead saw an expression  @typescript-eslint/no-unused-expressions
  1:11194  warning  Expected an assignment or function call and instead saw an expression  @typescript-eslint/no-unused-expressions
  1:15924  warning  Expected an assignment or function call and instead saw an expression  @typescript-eslint/no-unused-expressions
  1:20264  warning  Expected an assignment or function call and instead saw an expression  @typescript-eslint/no-unused-expressions
  1:20394  warning  Expected an assignment or function call and instead saw an expression  @typescript-eslint/no-unused-expressions

/Users/sondre/Documents/App/speed-swift/website/.vercel/output/static/_next/static/chunks/2vfcn0b1d6jg5.js
  1:1591  warning  Expected an assignment or function call and instead saw an expression  @typescript-eslint/no-unused-expressions
  1:8255  warning  Expected an assignment or function call and instead saw an expression  @typescript-eslint/no-unused-expressions
  1:8273  warning  Expected an assignment or function call and instead saw an expression  @typescript-eslint/no-unused-expressions

/Users/sondre/Documents/App/speed-swift/website/.vercel/output/static/_next/static/chunks/2zm74o_qp8o5n.js
  1:806   warning  Expected an assignment or function call and instead saw an expression  @typescript-eslint/no-unused-expressions
  1:1046  warning  Expected an assignment or function call and instead saw an expression  @typescript-eslint/no-unused-expressions
  1:1260  warning  Expected an assignment or function call and instead saw an expression  @typescript-eslint/no-unused-expressions
  1:5645  warning  Expected an assignment or function call and instead saw an expression  @typescript-eslint/no-unused-expressions

/Users/sondre/Documents/App/speed-swift/website/.vercel/output/static/_next/static/chunks/32zgf9zq2c2fg.js
  1:7566  warning  Expected an assignment or function call and instead saw an expression  @typescript-eslint/no-unused-expressions

/Users/sondre/Documents/App/speed-swift/website/.vercel/output/static/_next/static/chunks/35mhfz1x7273f.js
  1:120     warning  'e' is defined but never used                                          @typescript-eslint/no-unused-vars
  1:122     warning  't' is defined but never used                                          @typescript-eslint/no-unused-vars
  1:124     warning  'n' is defined but never used                                          @typescript-eslint/no-unused-vars
  1:129     warning  Expected an assignment or function call and instead saw an expression  @typescript-eslint/no-unused-expressions
  1:1491    warning  'e' is defined but never used                                          @typescript-eslint/no-unused-vars
  1:1536    warning  Expected an assignment or function call and instead saw an expression  @typescript-eslint/no-unused-expressions
  1:1936    warning  Expected an assignment or function call and instead saw an expression  @typescript-eslint/no-unused-expressions
  1:2175    warning  Expected an assignment or function call and instead saw an expression  @typescript-eslint/no-unused-expressions
  1:2251    warning  Expected an assignment or function call and instead saw an expression  @typescript-eslint/no-unused-expressions
  1:2866    warning  Expected an assignment or function call and instead saw an expression  @typescript-eslint/no-unused-expressions
  1:2971    warning  Expected an assignment or function call and instead saw an expression  @typescript-eslint/no-unused-expressions
  1:3006    warning  Expected an assignment or function call and instead saw an expression  @typescript-eslint/no-unused-expressions
  1:3174    warning  Expected an assignment or function call and instead saw an expression  @typescript-eslint/no-unused-expressions
  1:3316    warning  Expected an assignment or function call and instead saw an expression  @typescript-eslint/no-unused-expressions
  1:3423    warning  Expected an assignment or function call and instead saw an expression  @typescript-eslint/no-unused-expressions
  1:3454    warning  Expected an assignment or function call and instead saw an expression  @typescript-eslint/no-unused-expressions
  1:3524    warning  Expected an assignment or function call and instead saw an expression  @typescript-eslint/no-unused-expressions
  1:3575    warning  Expected an assignment or function call and instead saw an expression  @typescript-eslint/no-unused-expressions
  1:3601    warning  Expected an assignment or function call and instead saw an expression  @typescript-eslint/no-unused-expressions
  1:3727    warning  Expected an assignment or function call and instead saw an expression  @typescript-eslint/no-unused-expressions
  1:3862    warning  Expected an assignment or function call and instead saw an expression  @typescript-eslint/no-unused-expressions
  1:4125    warning  Expected an assignment or function call and instead saw an expression  @typescript-eslint/no-unused-expressions
  1:5295    warning  'n' is defined but never used                                          @typescript-eslint/no-unused-vars
  1:5313    warning  Expected an assignment or function call and instead saw an expression  @typescript-eslint/no-unused-expressions
  1:5387    warning  Expected an assignment or function call and instead saw an expression  @typescript-eslint/no-unused-expressions
  1:6153    warning  Expected an assignment or function call and instead saw an expression  @typescript-eslint/no-unused-expressions
  1:6486    warning  Expected an assignment or function call and instead saw an expression  @typescript-eslint/no-unused-expressions
  1:6529    warning  Expected an assignment or function call and instead saw an expression  @typescript-eslint/no-unused-expressions
  1:6568    warning  Expected an assignment or function call and instead saw an expression  @typescript-eslint/no-unused-expressions
  1:6703    warning  Expected an assignment or function call and instead saw an expression  @typescript-eslint/no-unused-expressions
  1:6771    warning  Expected an assignment or function call and instead saw an expression  @typescript-eslint/no-unused-expressions
  1:8165    warning  't' is defined but never used                                          @typescript-eslint/no-unused-vars
  1:8186    warning  Expected an assignment or function call and instead saw an expression  @typescript-eslint/no-unused-expressions
  1:8698    warning  Expected an assignment or function call and instead saw an expression  @typescript-eslint/no-unused-expressions
  1:8860    warning  Expected an assignment or function call and instead saw an expression  @typescript-eslint/no-unused-expressions
  1:9105    warning  Expected an assignment or function call and instead saw an expression  @typescript-eslint/no-unused-expressions
  1:9193    warning  Expected an assignment or function call and instead saw an expression  @typescript-eslint/no-unused-expressions
  1:9270    warning  Expected an assignment or function call and instead saw an expression  @typescript-eslint/no-unused-expressions
  1:9573    warning  Expected an assignment or function call and instead saw an expression  @typescript-eslint/no-unused-expressions
  1:10287   warning  Expected an assignment or function call and instead saw an expression  @typescript-eslint/no-unused-expressions
  1:10532   warning  Expected an assignment or function call and instead saw an expression  @typescript-eslint/no-unused-expressions
  1:11080   warning  Expected an assignment or function call and instead saw an expression  @typescript-eslint/no-unused-expressions
  1:11246   warning  Expected an assignment or function call and instead saw an expression  @typescript-eslint/no-unused-expressions
  1:11491   warning  Expected an assignment or function call and instead saw an expression  @typescript-eslint/no-unused-expressions
  1:11713   warning  Expected an assignment or function call and instead saw an expression  @typescript-eslint/no-unused-expressions
  1:11844   warning  Expected an assignment or function call and instead saw an expression  @typescript-eslint/no-unused-expressions
  1:12064   warning  Expected an assignment or function call and instead saw an expression  @typescript-eslint/no-unused-expressions
  1:12350   warning  Expected an assignment or function call and instead saw an expression  @typescript-eslint/no-unused-expressions
  1:13200   warning  Expected an assignment or function call and instead saw an expression  @typescript-eslint/no-unused-expressions
  1:13413   warning  Expected an assignment or function call and instead saw an expression  @typescript-eslint/no-unused-expressions
  1:13451   warning  Expected an assignment or function call and instead saw an expression  @typescript-eslint/no-unused-expressions
  1:13540   warning  Expected an assignment or function call and instead saw an expression  @typescript-eslint/no-unused-expressions
  1:13785   warning  Expected an assignment or function call and instead saw an expression  @typescript-eslint/no-unused-expressions
  1:14532   warning  Expected an assignment or function call and instead saw an expression  @typescript-eslint/no-unused-expressions
  1:14832   warning  Expected an assignment or function call and instead saw an expression  @typescript-eslint/no-unused-expressions
  1:14885   warning  Expected an assignment or function call and instead saw an expression  @typescript-eslint/no-unused-expressions
  1:15177   warning  'n' is defined but never used                                          @typescript-eslint/no-unused-vars
  1:15200   warning  'r' is defined but never used                                          @typescript-eslint/no-unused-vars
  1:15494   warning  Expected an assignment or function call and instead saw an expression  @typescript-eslint/no-unused-expressions
  1:15574   warning  Expected an assignment or function call and instead saw an expression  @typescript-eslint/no-unused-expressions
  1:15704   warning  Expected an assignment or function call and instead saw an expression  @typescript-eslint/no-unused-expressions
  1:16208   warning  Expected an assignment or function call and instead saw an expression  @typescript-eslint/no-unused-expressions
  1:16424   warning  Expected an assignment or function call and instead saw an expression  @typescript-eslint/no-unused-expressions
  1:16603   warning  Expected an assignment or function call and instead saw an expression  @typescript-eslint/no-unused-expressions
  1:17021   warning  Expected an assignment or function call and instead saw an expression  @typescript-eslint/no-unused-expressions
  1:17454   warning  Expected an assignment or function call and instead saw an expression  @typescript-eslint/no-unused-expressions
  1:19099   warning  Expected an assignment or function call and instead saw an expression  @typescript-eslint/no-unused-expressions
  1:19615   warning  Expected an assignment or function call and instead saw an expression  @typescript-eslint/no-unused-expressions
  1:19752   warning  'e' is defined but never used                                          @typescript-eslint/no-unused-vars
  1:19822   warning  Expected an assignment or function call and instead saw an expression  @typescript-eslint/no-unused-expressions
  1:20351   warning  Expected an assignment or function call and instead saw an expression  @typescript-eslint/no-unused-expressions
  1:20596   warning  Expected an assignment or function call and instead saw an expression  @typescript-eslint/no-unused-expressions
  1:21071   warning  Expected an assignment or function call and instead saw an expression  @typescript-eslint/no-unused-expressions
  1:21316   warning  Expected an assignment or function call and instead saw an expression  @typescript-eslint/no-unused-expressions
  1:22508   warning  Expected an assignment or function call and instead saw an expression  @typescript-eslint/no-unused-expressions
  1:22695   warning  Expected an assignment or function call and instead saw an expression  @typescript-eslint/no-unused-expressions
  1:22766   warning  Expected an assignment or function call and instead saw an expression  @typescript-eslint/no-unused-expressions
  1:23340   warning  Expected an assignment or function call and instead saw an expression  @typescript-eslint/no-unused-expressions
  1:23585   warning  Expected an assignment or function call and instead saw an expression  @typescript-eslint/no-unused-expressions
  1:23881   warning  Expected an assignment or function call and instead saw an expression  @typescript-eslint/no-unused-expressions
  1:24165   warning  Expected an assignment or function call and instead saw an expression  @typescript-eslint/no-unused-expressions
  1:24410   warning  Expected an assignment or function call and instead saw an expression  @typescript-eslint/no-unused-expressions
  1:24952   warning  Expected an assignment or function call and instead saw an expression  @typescript-eslint/no-unused-expressions
  1:25048   warning  Expected an assignment or function call and instead saw an expression  @typescript-eslint/no-unused-expressions
  1:25133   warning  Expected an assignment or function call and instead saw an expression  @typescript-eslint/no-unused-expressions
  1:25466   warning  Expected an assignment or function call and instead saw an expression  @typescript-eslint/no-unused-expressions
  1:26284   warning  Expected an assignment or function call and instead saw an expression  @typescript-eslint/no-unused-expressions
  1:27508   warning  Expected an assignment or function call and instead saw an expression  @typescript-eslint/no-unused-expressions
  1:27531   warning  Expected an assignment or function call and instead saw an expression  @typescript-eslint/no-unused-expressions
  1:27598   warning  Expected an assignment or function call and instead saw an expression  @typescript-eslint/no-unused-expressions
  1:28732   warning  Expected an assignment or function call and instead saw an expression  @typescript-eslint/no-unused-expressions
  1:28785   warning  Expected an assignment or function call and instead saw an expression  @typescript-eslint/no-unused-expressions
  1:29126   warning  Expected an assignment or function call and instead saw an expression  @typescript-eslint/no-unused-expressions
  1:29155   warning  Expected an assignment or function call and instead saw an expression  @typescript-eslint/no-unused-expressions
  1:29210   warning  Expected an assignment or function call and instead saw an expression  @typescript-eslint/no-unused-expressions
  1:29294   warning  Expected an assignment or function call and instead saw an expression  @typescript-eslint/no-unused-expressions
  1:29336   warning  Expected an assignment or function call and instead saw an expression  @typescript-eslint/no-unused-expressions
  1:29509   warning  Expected an assignment or function call and instead saw an expression  @typescript-eslint/no-unused-expressions
  1:30134   warning  Expected an assignment or function call and instead saw an expression  @typescript-eslint/no-unused-expressions
  1:30244   warning  Expected an assignment or function call and instead saw an expression  @typescript-eslint/no-unused-expressions
  1:30368   warning  Expected an assignment or function call and instead saw an expression  @typescript-eslint/no-unused-expressions
  1:30663   warning  Expected an assignment or function call and instead saw an expression  @typescript-eslint/no-unused-expressions
  1:31365   warning  Expected an assignment or function call and instead saw an expression  @typescript-eslint/no-unused-expressions
  1:31481   warning  Expected an assignment or function call and instead saw an expression  @typescript-eslint/no-unused-expressions
  1:33732   warning  Expected an assignment or function call and instead saw an expression  @typescript-eslint/no-unused-expressions
  1:33836   warning  Expected an assignment or function call and instead saw an expression  @typescript-eslint/no-unused-expressions
  1:33890   warning  Expected an assignment or function call and instead saw an expression  @typescript-eslint/no-unused-expressions
  1:34059   warning  Expected an assignment or function call and instead saw an expression  @typescript-eslint/no-unused-expressions
  1:35013   warning  Expected an assignment or function call and instead saw an expression  @typescript-eslint/no-unused-expressions
  1:35710   warning  Expected an assignment or function call and instead saw an expression  @typescript-eslint/no-unused-expressions
  1:37603   warning  Expected an assignment or function call and instead saw an expression  @typescript-eslint/no-unused-expressions
  1:37765   warning  Expected an assignment or function call and instead saw an expression  @typescript-eslint/no-unused-expressions
  1:38130   warning  Expected an assignment or function call and instead saw an expression  @typescript-eslint/no-unused-expressions
  1:38943   warning  Expected an assignment or function call and instead saw an expression  @typescript-eslint/no-unused-expressions
  1:39031   warning  Expected an assignment or function call and instead saw an expression  @typescript-eslint/no-unused-expressions
  1:39245   warning  Expected an assignment or function call and instead saw an expression  @typescript-eslint/no-unused-expressions
  1:39399   warning  Expected an assignment or function call and instead saw an expression  @typescript-eslint/no-unused-expressions
  1:39569   warning  Expected an assignment or function call and instead saw an expression  @typescript-eslint/no-unused-expressions
  1:39622   warning  Expected an assignment or function call and instead saw an expression  @typescript-eslint/no-unused-expressions
  1:39656   warning  Expected an assignment or function call and instead saw an expression  @typescript-eslint/no-unused-expressions
  1:39761   warning  Expected an assignment or function call and instead saw an expression  @typescript-eslint/no-unused-expressions
  1:39970   warning  Expected an assignment or function call and instead saw an expression  @typescript-eslint/no-unused-expressions
  1:39990   warning  Expected an assignment or function call and instead saw an expression  @typescript-eslint/no-unused-expressions
  1:41202   warning  Expected an assignment or function call and instead saw an expression  @typescript-eslint/no-unused-expressions
  1:41515   warning  Expected an assignment or function call and instead saw an expression  @typescript-eslint/no-unused-expressions
  1:41664   warning  Expected an assignment or function call and instead saw an expression  @typescript-eslint/no-unused-expressions
  1:41740   warning  Expected an assignment or function call and instead saw an expression  @typescript-eslint/no-unused-expressions
  1:45722   warning  Expected an assignment or function call and instead saw an expression  @typescript-eslint/no-unused-expressions
  1:45821   warning  Expected an assignment or function call and instead saw an expression  @typescript-eslint/no-unused-expressions
  1:46397   warning  Expected an assignment or function call and instead saw an expression  @typescript-eslint/no-unused-expressions
  1:46708   warning  Expected an assignment or function call and instead saw an expression  @typescript-eslint/no-unused-expressions
  1:46853   warning  'e' is defined but never used                                          @typescript-eslint/no-unused-vars
  1:47433   warning  Expected an assignment or function call and instead saw an expression  @typescript-eslint/no-unused-expressions
  1:47715   warning  Expected an assignment or function call and instead saw an expression  @typescript-eslint/no-unused-expressions
  1:47886   warning  Expected an assignment or function call and instead saw an expression  @typescript-eslint/no-unused-expressions
  1:51086   warning  Expected an assignment or function call and instead saw an expression  @typescript-eslint/no-unused-expressions
  1:51764   warning  Expected an assignment or function call and instead saw an expression  @typescript-eslint/no-unused-expressions
  1:52114   warning  Expected an assignment or function call and instead saw an expression  @typescript-eslint/no-unused-expressions
  1:52269   warning  Expected an assignment or function call and instead saw an expression  @typescript-eslint/no-unused-expressions
  1:52385   warning  Expected an assignment or function call and instead saw an expression  @typescript-eslint/no-unused-expressions
  1:52431   warning  Expected an assignment or function call and instead saw an expression  @typescript-eslint/no-unused-expressions
  1:53201   warning  't' is defined but never used                                          @typescript-eslint/no-unused-vars
  1:53739   warning  'e' is defined but never used                                          @typescript-eslint/no-unused-vars
  1:54203   warning  Expected an assignment or function call and instead saw an expression  @typescript-eslint/no-unused-expressions
  1:55240   warning  Expected an assignment or function call and instead saw an expression  @typescript-eslint/no-unused-expressions
  1:56361   warning  Expected an assignment or function call and instead saw an expression  @typescript-eslint/no-unused-expressions
  1:57533   warning  Expected an assignment or function call and instead saw an expression  @typescript-eslint/no-unused-expressions
  1:57588   warning  Expected an assignment or function call and instead saw an expression  @typescript-eslint/no-unused-expressions
  1:57627   warning  Expected an assignment or function call and instead saw an expression  @typescript-eslint/no-unused-expressions
  1:57867   warning  Expected an assignment or function call and instead saw an expression  @typescript-eslint/no-unused-expressions
  1:57924   warning  Expected an assignment or function call and instead saw an expression  @typescript-eslint/no-unused-expressions
  1:58364   warning  Expected an assignment or function call and instead saw an expression  @typescript-eslint/no-unused-expressions
  1:60000   warning  Expected an assignment or function call and instead saw an expression  @typescript-eslint/no-unused-expressions
  1:60754   warning  Expected an assignment or function call and instead saw an expression  @typescript-eslint/no-unused-expressions
  1:61214   warning  Expected an assignment or function call and instead saw an expression  @typescript-eslint/no-unused-expressions
  1:61234   warning  Expected an assignment or function call and instead saw an expression  @typescript-eslint/no-unused-expressions
  1:61965   warning  Expected an assignment or function call and instead saw an expression  @typescript-eslint/no-unused-expressions
  1:62018   warning  Expected an assignment or function call and instead saw an expression  @typescript-eslint/no-unused-expressions
  1:62090   warning  Expected an assignment or function call and instead saw an expression  @typescript-eslint/no-unused-expressions
  1:62144   warning  Expected an assignment or function call and instead saw an expression  @typescript-eslint/no-unused-expressions
  1:62219   warning  Expected an assignment or function call and instead saw an expression  @typescript-eslint/no-unused-expressions
  1:62254   warning  Expected an assignment or function call and instead saw an expression  @typescript-eslint/no-unused-expressions
  1:62319   warning  Expected an assignment or function call and instead saw an expression  @typescript-eslint/no-unused-expressions
  1:62380   warning  Expected an assignment or function call and instead saw an expression  @typescript-eslint/no-unused-expressions
  1:62469   warning  Expected an assignment or function call and instead saw an expression  @typescript-eslint/no-unused-expressions
  1:62817   warning  Expected an assignment or function call and instead saw an expression  @typescript-eslint/no-unused-expressions
  1:63041   warning  Expected an assignment or function call and instead saw an expression  @typescript-eslint/no-unused-expressions
  1:63121   warning  Expected an assignment or function call and instead saw an expression  @typescript-eslint/no-unused-expressions
  1:63266   warning  Expected an assignment or function call and instead saw an expression  @typescript-eslint/no-unused-expressions
  1:63322   warning  Expected an assignment or function call and instead saw an expression  @typescript-eslint/no-unused-expressions
  1:64183   warning  Expected an assignment or function call and instead saw an expression  @typescript-eslint/no-unused-expressions
  1:64295   warning  Expected an assignment or function call and instead saw an expression  @typescript-eslint/no-unused-expressions
  1:64414   warning  Expected an assignment or function call and instead saw an expression  @typescript-eslint/no-unused-expressions
  1:64492   warning  Expected an assignment or function call and instead saw an expression  @typescript-eslint/no-unused-expressions
  1:64548   warning  Expected an assignment or function call and instead saw an expression  @typescript-eslint/no-unused-expressions
  1:64994   warning  Expected an assignment or function call and instead saw an expression  @typescript-eslint/no-unused-expressions
  1:65152   warning  Expected an assignment or function call and instead saw an expression  @typescript-eslint/no-unused-expressions
  1:65222   warning  Expected an assignment or function call and instead saw an expression  @typescript-eslint/no-unused-expressions
  1:65500   warning  Expected an assignment or function call and instead saw an expression  @typescript-eslint/no-unused-expressions
  1:65778   warning  Expected an assignment or function call and instead saw an expression  @typescript-eslint/no-unused-expressions
  1:65910   warning  Expected an assignment or function call and instead saw an expression  @typescript-eslint/no-unused-expressions
  1:66204   warning  Expected an assignment or function call and instead saw an expression  @typescript-eslint/no-unused-expressions
  1:66471   warning  Expected an assignment or function call and instead saw an expression  @typescript-eslint/no-unused-expressions
  1:66720   warning  Expected an assignment or function call and instead saw an expression  @typescript-eslint/no-unused-expressions
  1:67007   warning  Expected an assignment or function call and instead saw an expression  @typescript-eslint/no-unused-expressions
  1:67219   warning  Expected an assignment or function call and instead saw an expression  @typescript-eslint/no-unused-expressions
  1:67335   warning  Expected an assignment or function call and instead saw an expression  @typescript-eslint/no-unused-expressions
  1:67379   warning  Expected an assignment or function call and instead saw an expression  @typescript-eslint/no-unused-expressions
  1:67574   warning  Expected an assignment or function call and instead saw an expression  @typescript-eslint/no-unused-expressions
  1:67650   warning  Expected an assignment or function call and instead saw an expression  @typescript-eslint/no-unused-expressions
  1:67706   warning  Expected an assignment or function call and instead saw an expression  @typescript-eslint/no-unused-expressions
  1:67770   warning  Expected an assignment or function call and instead saw an expression  @typescript-eslint/no-unused-expressions
  1:67798   warning  Expected an assignment or function call and instead saw an expression  @typescript-eslint/no-unused-expressions
  1:67862   warning  Expected an assignment or function call and instead saw an expression  @typescript-eslint/no-unused-expressions
  1:67893   warning  Expected an assignment or function call and instead saw an expression  @typescript-eslint/no-unused-expressions
  1:68009   warning  Expected an assignment or function call and instead saw an expression  @typescript-eslint/no-unused-expressions
  1:68602   warning  Expected an assignment or function call and instead saw an expression  @typescript-eslint/no-unused-expressions
  1:68677   warning  Expected an assignment or function call and instead saw an expression  @typescript-eslint/no-unused-expressions
  1:68755   warning  Expected an assignment or function call and instead saw an expression  @typescript-eslint/no-unused-expressions
  1:69547   warning  Expected an assignment or function call and instead saw an expression  @typescript-eslint/no-unused-expressions
  1:69646   warning  Expected an assignment or function call and instead saw an expression  @typescript-eslint/no-unused-expressions
  1:69719   warning  Expected an assignment or function call and instead saw an expression  @typescript-eslint/no-unused-expressions
  1:72474   warning  Expected an assignment or function call and instead saw an expression  @typescript-eslint/no-unused-expressions
  1:72632   warning  Expected an assignment or function call and instead saw an expression  @typescript-eslint/no-unused-expressions
  1:72704   warning  Expected an assignment or function call and instead saw an expression  @typescript-eslint/no-unused-expressions
  1:72723   warning  Expected an assignment or function call and instead saw an expression  @typescript-eslint/no-unused-expressions
  1:73004   warning  Expected an assignment or function call and instead saw an expression  @typescript-eslint/no-unused-expressions
  1:73082   warning  Expected an assignment or function call and instead saw an expression  @typescript-eslint/no-unused-expressions
  1:73101   warning  Expected an assignment or function call and instead saw an expression  @typescript-eslint/no-unused-expressions
  1:73274   warning  Expected an assignment or function call and instead saw an expression  @typescript-eslint/no-unused-expressions
  1:73342   warning  Expected an assignment or function call and instead saw an expression  @typescript-eslint/no-unused-expressions
  1:73364   warning  Expected an assignment or function call and instead saw an expression  @typescript-eslint/no-unused-expressions
  1:73518   warning  Expected an assignment or function call and instead saw an expression  @typescript-eslint/no-unused-expressions
  1:73631   warning  Expected an assignment or function call and instead saw an expression  @typescript-eslint/no-unused-expressions
  1:74030   warning  Expected an assignment or function call and instead saw an expression  @typescript-eslint/no-unused-expressions
  1:74101   warning  Expected an assignment or function call and instead saw an expression  @typescript-eslint/no-unused-expressions
  1:74123   warning  Expected an assignment or function call and instead saw an expression  @typescript-eslint/no-unused-expressions
  1:74279   warning  Expected an assignment or function call and instead saw an expression  @typescript-eslint/no-unused-expressions
  1:74403   warning  Expected an assignment or function call and instead saw an expression  @typescript-eslint/no-unused-expressions
  1:75248   warning  Expected an assignment or function call and instead saw an expression  @typescript-eslint/no-unused-expressions
  1:75798   warning  Expected an assignment or function call and instead saw an expression  @typescript-eslint/no-unused-expressions
  1:76053   warning  Expected an assignment or function call and instead saw an expression  @typescript-eslint/no-unused-expressions
  1:76103   warning  Expected an assignment or function call and instead saw an expression  @typescript-eslint/no-unused-expressions
  1:76140   warning  Expected an assignment or function call and instead saw an expression  @typescript-eslint/no-unused-expressions
  1:76262   warning  Expected an assignment or function call and instead saw an expression  @typescript-eslint/no-unused-expressions
  1:76566   warning  Expected an assignment or function call and instead saw an expression  @typescript-eslint/no-unused-expressions
  1:76622   warning  Expected an assignment or function call and instead saw an expression  @typescript-eslint/no-unused-expressions
  1:76855   warning  Expected an assignment or function call and instead saw an expression  @typescript-eslint/no-unused-expressions
  1:77216   warning  Expected an assignment or function call and instead saw an expression  @typescript-eslint/no-unused-expressions
  1:77326   warning  Expected an assignment or function call and instead saw an expression  @typescript-eslint/no-unused-expressions
  1:77495   warning  Expected an assignment or function call and instead saw an expression  @typescript-eslint/no-unused-expressions
  1:77561   warning  Expected an assignment or function call and instead saw an expression  @typescript-eslint/no-unused-expressions
  1:77905   warning  Expected an assignment or function call and instead saw an expression  @typescript-eslint/no-unused-expressions
  1:77957   warning  Expected an assignment or function call and instead saw an expression  @typescript-eslint/no-unused-expressions
  1:77999   warning  Expected an assignment or function call and instead saw an expression  @typescript-eslint/no-unused-expressions
  1:78081   warning  Expected an assignment or function call and instead saw an expression  @typescript-eslint/no-unused-expressions
  1:78202   warning  Expected an assignment or function call and instead saw an expression  @typescript-eslint/no-unused-expressions
  1:78262   warning  Expected an assignment or function call and instead saw an expression  @typescript-eslint/no-unused-expressions
  1:78339   warning  Expected an assignment or function call and instead saw an expression  @typescript-eslint/no-unused-expressions
  1:78390   warning  Expected an assignment or function call and instead saw an expression  @typescript-eslint/no-unused-expressions
  1:78449   warning  Expected an assignment or function call and instead saw an expression  @typescript-eslint/no-unused-expressions
  1:78491   warning  Expected an assignment or function call and instead saw an expression  @typescript-eslint/no-unused-expressions
  1:78776   warning  Expected an assignment or function call and instead saw an expression  @typescript-eslint/no-unused-expressions
  1:78907   warning  Expected an assignment or function call and instead saw an expression  @typescript-eslint/no-unused-expressions
  1:79479   warning  Expected an assignment or function call and instead saw an expression  @typescript-eslint/no-unused-expressions
  1:79686   warning  Expected an assignment or function call and instead saw an expression  @typescript-eslint/no-unused-expressions
  1:79773   warning  Expected an assignment or function call and instead saw an expression  @typescript-eslint/no-unused-expressions
  1:80028   warning  Expected an assignment or function call and instead saw an expression  @typescript-eslint/no-unused-expressions
  1:80152   warning  Expected an assignment or function call and instead saw an expression  @typescript-eslint/no-unused-expressions
  1:80194   warning  Expected an assignment or function call and instead saw an expression  @typescript-eslint/no-unused-expressions
  1:80529   warning  Expected an assignment or function call and instead saw an expression  @typescript-eslint/no-unused-expressions
  1:80620   warning  Expected an assignment or function call and instead saw an expression  @typescript-eslint/no-unused-expressions
  1:81317   warning  Expected an assignment or function call and instead saw an expression  @typescript-eslint/no-unused-expressions
  1:81864   warning  Expected an assignment or function call and instead saw an expression  @typescript-eslint/no-unused-expressions
  1:81887   warning  Expected an assignment or function call and instead saw an expression  @typescript-eslint/no-unused-expressions
  1:82098   warning  Expected an assignment or function call and instead saw an expression  @typescript-eslint/no-unused-expressions
  1:82269   warning  Expected an assignment or function call and instead saw an expression  @typescript-eslint/no-unused-expressions
  1:82307   warning  Expected an assignment or function call and instead saw an expression  @typescript-eslint/no-unused-expressions
  1:82485   warning  Expected an assignment or function call and instead saw an expression  @typescript-eslint/no-unused-expressions
  1:82550   warning  Expected an assignment or function call and instead saw an expression  @typescript-eslint/no-unused-expressions
  1:82846   warning  Expected an assignment or function call and instead saw an expression  @typescript-eslint/no-unused-expressions
  1:83157   warning  Expected an assignment or function call and instead saw an expression  @typescript-eslint/no-unused-expressions
  1:83194   warning  Expected an assignment or function call and instead saw an expression  @typescript-eslint/no-unused-expressions
  1:83682   warning  Expected an assignment or function call and instead saw an expression  @typescript-eslint/no-unused-expressions
  1:83736   warning  Expected an assignment or function call and instead saw an expression  @typescript-eslint/no-unused-expressions
  1:83906   warning  Expected an assignment or function call and instead saw an expression  @typescript-eslint/no-unused-expressions
  1:83984   warning  Expected an assignment or function call and instead saw an expression  @typescript-eslint/no-unused-expressions
  1:84079   warning  'e' is defined but never used                                          @typescript-eslint/no-unused-vars
  1:84121   warning  Expected an assignment or function call and instead saw an expression  @typescript-eslint/no-unused-expressions
  1:84620   warning  Expected an assignment or function call and instead saw an expression  @typescript-eslint/no-unused-expressions
  1:84834   warning  Expected an assignment or function call and instead saw an expression  @typescript-eslint/no-unused-expressions
  1:84893   warning  Expected an assignment or function call and instead saw an expression  @typescript-eslint/no-unused-expressions
  1:84947   warning  Expected an assignment or function call and instead saw an expression  @typescript-eslint/no-unused-expressions
  1:85007   warning  Expected an assignment or function call and instead saw an expression  @typescript-eslint/no-unused-expressions
  1:85065   warning  Expected an assignment or function call and instead saw an expression  @typescript-eslint/no-unused-expressions
  1:85211   warning  Expected an assignment or function call and instead saw an expression  @typescript-eslint/no-unused-expressions
  1:85415   warning  Expected an assignment or function call and instead saw an expression  @typescript-eslint/no-unused-expressions
  1:85794   warning  Expected an assignment or function call and instead saw an expression  @typescript-eslint/no-unused-expressions
  1:85851   warning  Expected an assignment or function call and instead saw an expression  @typescript-eslint/no-unused-expressions
  1:86626   warning  Expected an assignment or function call and instead saw an expression  @typescript-eslint/no-unused-expressions
  1:87001   warning  Expected an assignment or function call and instead saw an expression  @typescript-eslint/no-unused-expressions
  1:87153   warning  Expected an assignment or function call and instead saw an expression  @typescript-eslint/no-unused-expressions
  1:87447   warning  Expected an assignment or function call and instead saw an expression  @typescript-eslint/no-unused-expressions
  1:87504   warning  Expected an assignment or function call and instead saw an expression  @typescript-eslint/no-unused-expressions
  1:87773   warning  Expected an assignment or function call and instead saw an expression  @typescript-eslint/no-unused-expressions
  1:87887   warning  Expected an assignment or function call and instead saw an expression  @typescript-eslint/no-unused-expressions
  1:88616   warning  Expected an assignment or function call and instead saw an expression  @typescript-eslint/no-unused-expressions
  1:88868   warning  Expected an assignment or function call and instead saw an expression  @typescript-eslint/no-unused-expressions
  1:89139   warning  Expected an assignment or function call and instead saw an expression  @typescript-eslint/no-unused-expressions
  1:89792   warning  Expected an assignment or function call and instead saw an expression  @typescript-eslint/no-unused-expressions
  1:90075   warning  Expected an assignment or function call and instead saw an expression  @typescript-eslint/no-unused-expressions
  1:90183   warning  Expected an assignment or function call and instead saw an expression  @typescript-eslint/no-unused-expressions
  1:90722   warning  'e' is defined but never used                                          @typescript-eslint/no-unused-vars
  1:90953   warning  Expected an assignment or function call and instead saw an expression  @typescript-eslint/no-unused-expressions
  1:91094   warning  Expected an assignment or function call and instead saw an expression  @typescript-eslint/no-unused-expressions
  1:91201   warning  Expected an assignment or function call and instead saw an expression  @typescript-eslint/no-unused-expressions
  1:91809   warning  Expected an assignment or function call and instead saw an expression  @typescript-eslint/no-unused-expressions
  1:92804   warning  Expected an assignment or function call and instead saw an expression  @typescript-eslint/no-unused-expressions
  1:93058   warning  Expected an assignment or function call and instead saw an expression  @typescript-eslint/no-unused-expressions
  1:95032   warning  Expected an assignment or function call and instead saw an expression  @typescript-eslint/no-unused-expressions
  1:95217   warning  Expected an assignment or function call and instead saw an expression  @typescript-eslint/no-unused-expressions
  1:95373   warning  Expected an assignment or function call and instead saw an expression  @typescript-eslint/no-unused-expressions
  1:95534   warning  Expected an assignment or function call and instead saw an expression  @typescript-eslint/no-unused-expressions
  1:95821   warning  Expected an assignment or function call and instead saw an expression  @typescript-eslint/no-unused-expressions
  1:96117   warning  Expected an assignment or function call and instead saw an expression  @typescript-eslint/no-unused-expressions
  1:96194   warning  Expected an assignment or function call and instead saw an expression  @typescript-eslint/no-unused-expressions
  1:96819   warning  Expected an assignment or function call and instead saw an expression  @typescript-eslint/no-unused-expressions
  1:96904   warning  Expected an assignment or function call and instead saw an expression  @typescript-eslint/no-unused-expressions
  1:96977   warning  Expected an assignment or function call and instead saw an expression  @typescript-eslint/no-unused-expressions
  1:97314   warning  Expected an assignment or function call and instead saw an expression  @typescript-eslint/no-unused-expressions
  1:98027   warning  Expected an assignment or function call and instead saw an expression  @typescript-eslint/no-unused-expressions
  1:98382   warning  Expected an assignment or function call and instead saw an expression  @typescript-eslint/no-unused-expressions
  1:98431   warning  Expected an assignment or function call and instead saw an expression  @typescript-eslint/no-unused-expressions
  1:98555   warning  Expected an assignment or function call and instead saw an expression  @typescript-eslint/no-unused-expressions
  1:98675   warning  Expected an assignment or function call and instead saw an expression  @typescript-eslint/no-unused-expressions
  1:99421   warning  Expected an assignment or function call and instead saw an expression  @typescript-eslint/no-unused-expressions
  1:99533   warning  Expected an assignment or function call and instead saw an expression  @typescript-eslint/no-unused-expressions
  1:99967   warning  Expected an assignment or function call and instead saw an expression  @typescript-eslint/no-unused-expressions
  1:100968  warning  Expected an assignment or function call and instead saw an expression  @typescript-eslint/no-unused-expressions
  1:101046  warning  Expected an assignment or function call and instead saw an expression  @typescript-eslint/no-unused-expressions
  1:101294  warning  Expected an assignment or function call and instead saw an expression  @typescript-eslint/no-unused-expressions
  1:101935  warning  Expected an assignment or function call and instead saw an expression  @typescript-eslint/no-unused-expressions
  1:102387  warning  Expected an assignment or function call and instead saw an expression  @typescript-eslint/no-unused-expressions
  1:106775  warning  Expected an assignment or function call and instead saw an expression  @typescript-eslint/no-unused-expressions
  1:106874  warning  Expected an assignment or function call and instead saw an expression  @typescript-eslint/no-unused-expressions
  1:106972  warning  Expected an assignment or function call and instead saw an expression  @typescript-eslint/no-unused-expressions
  1:107270  warning  Expected an assignment or function call and instead saw an expression  @typescript-eslint/no-unused-expressions
  1:107635  warning  Expected an assignment or function call and instead saw an expression  @typescript-eslint/no-unused-expressions
  1:107722  warning  Expected an assignment or function call and instead saw an expression  @typescript-eslint/no-unused-expressions
  1:107849  warning  Expected an assignment or function call and instead saw an expression  @typescript-eslint/no-unused-expressions
  1:107913  warning  Expected an assignment or function call and instead saw an expression  @typescript-eslint/no-unused-expressions
  1:108156  warning  Expected an assignment or function call and instead saw an expression  @typescript-eslint/no-unused-expressions
  1:108316  warning  Expected an assignment or function call and instead saw an expression  @typescript-eslint/no-unused-expressions
  1:108840  warning  Expected an assignment or function call and instead saw an expression  @typescript-eslint/no-unused-expressions
  1:109161  warning  Expected an assignment or function call and instead saw an expression  @typescript-eslint/no-unused-expressions
  1:110079  warning  Expected an assignment or function call and instead saw an expression  @typescript-eslint/no-unused-expressions
  1:110237  warning  Expected an assignment or function call and instead saw an expression  @typescript-eslint/no-unused-expressions
  1:110355  warning  Expected an assignment or function call and instead saw an expression  @typescript-eslint/no-unused-expressions
  1:110401  warning  Expected an assignment or function call and instead saw an expression  @typescript-eslint/no-unused-expressions
  1:110447  warning  Expected an assignment or function call and instead saw an expression  @typescript-eslint/no-unused-expressions
  1:111202  warning  Expected an assignment or function call and instead saw an expression  @typescript-eslint/no-unused-expressions
  1:111250  warning  'e' is defined but never used                                          @typescript-eslint/no-unused-vars
  1:111506  warning  Expected an assignment or function call and instead saw an expression  @typescript-eslint/no-unused-expressions
  1:111787  warning  Expected an assignment or function call and instead saw an expression  @typescript-eslint/no-unused-expressions
  1:112014  warning  Expected an assignment or function call and instead saw an expression  @typescript-eslint/no-unused-expressions
  1:115500  warning  Expected an assignment or function call and instead saw an expression  @typescript-eslint/no-unused-expressions
  1:115557  warning  Expected an assignment or function call and instead saw an expression  @typescript-eslint/no-unused-expressions
  1:115808  warning  Expected an assignment or function call and instead saw an expression  @typescript-eslint/no-unused-expressions
  1:117367  warning  Expected an assignment or function call and instead saw an expression  @typescript-eslint/no-unused-expressions
  1:117566  warning  Expected an assignment or function call and instead saw an expression  @typescript-eslint/no-unused-expressions
  1:117604  warning  Expected an assignment or function call and instead saw an expression  @typescript-eslint/no-unused-expressions
  1:117721  warning  Expected an assignment or function call and instead saw an expression  @typescript-eslint/no-unused-expressions
  1:117759  warning  Expected an assignment or function call and instead saw an expression  @typescript-eslint/no-unused-expressions
  1:117906  warning  Expected an assignment or function call and instead saw an expression  @typescript-eslint/no-unused-expressions
  1:118033  warning  Expected an assignment or function call and instead saw an expression  @typescript-eslint/no-unused-expressions
  1:118195  warning  Expected an assignment or function call and instead saw an expression  @typescript-eslint/no-unused-expressions
  1:118274  warning  Expected an assignment or function call and instead saw an expression  @typescript-eslint/no-unused-expressions
  1:118391  warning  Expected an assignment or function call and instead saw an expression  @typescript-eslint/no-unused-expressions
  1:118819  warning  Expected an assignment or function call and instead saw an expression  @typescript-eslint/no-unused-expressions
  1:119044  warning  Expected an assignment or function call and instead saw an expression  @typescript-eslint/no-unused-expressions
  1:119309  warning  Expected an assignment or function call and instead saw an expression  @typescript-eslint/no-unused-expressions
  1:119415  warning  Expected an assignment or function call and instead saw an expression  @typescript-eslint/no-unused-expressions
  1:119504  warning  Expected an assignment or function call and instead saw an expression  @typescript-eslint/no-unused-expressions
  1:119691  warning  Expected an assignment or function call and instead saw an expression  @typescript-eslint/no-unused-expressions
  1:119959  warning  Expected an assignment or function call and instead saw an expression  @typescript-eslint/no-unused-expressions
  1:119998  warning  Expected an assignment or function call and instead saw an expression  @typescript-eslint/no-unused-expressions
  1:120115  warning  Expected an assignment or function call and instead saw an expression  @typescript-eslint/no-unused-expressions
  1:120418  warning  Expected an assignment or function call and instead saw an expression  @typescript-eslint/no-unused-expressions
  1:120557  warning  Expected an assignment or function call and instead saw an expression  @typescript-eslint/no-unused-expressions
  1:120593  warning  Expected an assignment or function call and instead saw an expression  @typescript-eslint/no-unused-expressions
  1:120632  warning  Expected an assignment or function call and instead saw an expression  @typescript-eslint/no-unused-expressions
  1:120678  warning  Expected an assignment or function call and instead saw an expression  @typescript-eslint/no-unused-expressions
  1:120715  warning  Expected an assignment or function call and instead saw an expression  @typescript-eslint/no-unused-expressions
  1:120759  warning  Expected an assignment or function call and instead saw an expression  @typescript-eslint/no-unused-expressions
  1:120876  warning  Expected an assignment or function call and instead saw an expression  @typescript-eslint/no-unused-expressions
  1:121058  warning  Expected an assignment or function call and instead saw an expression  @typescript-eslint/no-unused-expressions
  1:121188  warning  Expected an assignment or function call and instead saw an expression  @typescript-eslint/no-unused-expressions
  1:121232  warning  Expected an assignment or function call and instead saw an expression  @typescript-eslint/no-unused-expressions
  1:121272  warning  Expected an assignment or function call and instead saw an expression  @typescript-eslint/no-unused-expressions
  1:121299  warning  Expected an assignment or function call and instead saw an expression  @typescript-eslint/no-unused-expressions
  1:121322  warning  Expected an assignment or function call and instead saw an expression  @typescript-eslint/no-unused-expressions
  1:121676  warning  Expected an assignment or function call and instead saw an expression  @typescript-eslint/no-unused-expressions
  1:121720  warning  Expected an assignment or function call and instead saw an expression  @typescript-eslint/no-unused-expressions
  1:121840  warning  Expected an assignment or function call and instead saw an expression  @typescript-eslint/no-unused-expressions
  1:121908  warning  Expected an assignment or function call and instead saw an expression  @typescript-eslint/no-unused-expressions
  1:122028  warning  Expected an assignment or function call and instead saw an expression  @typescript-eslint/no-unused-expressions
  1:122386  warning  Expected an assignment or function call and instead saw an expression  @typescript-eslint/no-unused-expressions
  1:122697  warning  Expected an assignment or function call and instead saw an expression  @typescript-eslint/no-unused-expressions
  1:122791  warning  Expected an assignment or function call and instead saw an expression  @typescript-eslint/no-unused-expressions
  1:122898  warning  Expected an assignment or function call and instead saw an expression  @typescript-eslint/no-unused-expressions
  1:122987  warning  Expected an assignment or function call and instead saw an expression  @typescript-eslint/no-unused-expressions
  1:123481  warning  Expected an assignment or function call and instead saw an expression  @typescript-eslint/no-unused-expressions
  1:123962  warning  Expected an assignment or function call and instead saw an expression  @typescript-eslint/no-unused-expressions
  1:124074  warning  Expected an assignment or function call and instead saw an expression  @typescript-eslint/no-unused-expressions
  1:124251  warning  Expected an assignment or function call and instead saw an expression  @typescript-eslint/no-unused-expressions
  1:124400  warning  Expected an assignment or function call and instead saw an expression  @typescript-eslint/no-unused-expressions
  1:124486  warning  Expected an assignment or function call and instead saw an expression  @typescript-eslint/no-unused-expressions
  1:124738  warning  Expected an assignment or function call and instead saw an expression  @typescript-eslint/no-unused-expressions
  1:124768  warning  Expected an assignment or function call and instead saw an expression  @typescript-eslint/no-unused-expressions
  1:124790  warning  Expected an assignment or function call and instead saw an expression  @typescript-eslint/no-unused-expressions
  1:124831  warning  Expected an assignment or function call and instead saw an expression  @typescript-eslint/no-unused-expressions
  1:124984  warning  Expected an assignment or function call and instead saw an expression  @typescript-eslint/no-unused-expressions
  1:125373  warning  Expected an assignment or function call and instead saw an expression  @typescript-eslint/no-unused-expressions
  1:125577  warning  Expected an assignment or function call and instead saw an expression  @typescript-eslint/no-unused-expressions
  1:125726  warning  Expected an assignment or function call and instead saw an expression  @typescript-eslint/no-unused-expressions
  1:126353  warning  Expected an assignment or function call and instead saw an expression  @typescript-eslint/no-unused-expressions
  1:126570  warning  Expected an assignment or function call and instead saw an expression  @typescript-eslint/no-unused-expressions
  1:126593  warning  Expected an assignment or function call and instead saw an expression  @typescript-eslint/no-unused-expressions
  1:126779  warning  Expected an assignment or function call and instead saw an expression  @typescript-eslint/no-unused-expressions
  1:126875  warning  Expected an assignment or function call and instead saw an expression  @typescript-eslint/no-unused-expressions
  1:126982  warning  Expected an assignment or function call and instead saw an expression  @typescript-eslint/no-unused-expressions
  1:127292  warning  Expected an assignment or function call and instead saw an expression  @typescript-eslint/no-unused-expressions
  1:127418  warning  Expected an assignment or function call and instead saw an expression  @typescript-eslint/no-unused-expressions
  1:127554  warning  Expected an assignment or function call and instead saw an expression  @typescript-eslint/no-unused-expressions
  1:127973  warning  Expected an assignment or function call and instead saw an expression  @typescript-eslint/no-unused-expressions
  1:128059  warning  Expected an assignment or function call and instead saw an expression  @typescript-eslint/no-unused-expressions
  1:128362  warning  Expected an assignment or function call and instead saw an expression  @typescript-eslint/no-unused-expressions
  1:128572  warning  Expected an assignment or function call and instead saw an expression  @typescript-eslint/no-unused-expressions
  1:128684  warning  Expected an assignment or function call and instead saw an expression  @typescript-eslint/no-unused-expressions
  1:128962  warning  Expected an assignment or function call and instead saw an expression  @typescript-eslint/no-unused-expressions
  1:129192  warning  Expected an assignment or function call and instead saw an expression  @typescript-eslint/no-unused-expressions
  1:129228  warning  Expected an assignment or function call and instead saw an expression  @typescript-eslint/no-unused-expressions
  1:129315  warning  Expected an assignment or function call and instead saw an expression  @typescript-eslint/no-unused-expressions
  1:129350  warning  Expected an assignment or function call and instead saw an expression  @typescript-eslint/no-unused-expressions
  1:129573  warning  Expected an assignment or function call and instead saw an expression  @typescript-eslint/no-unused-expressions
  1:129622  warning  Expected an assignment or function call and instead saw an expression  @typescript-eslint/no-unused-expressions
  1:129795  warning  Expected an assignment or function call and instead saw an expression  @typescript-eslint/no-unused-expressions
  1:130020  warning  Expected an assignment or function call and instead saw an expression  @typescript-eslint/no-unused-expressions
  1:130359  warning  Expected an assignment or function call and instead saw an expression  @typescript-eslint/no-unused-expressions
  1:130403  warning  Expected an assignment or function call and instead saw an expression  @typescript-eslint/no-unused-expressions
  1:130537  warning  Expected an assignment or function call and instead saw an expression  @typescript-eslint/no-unused-expressions
  1:130622  warning  Expected an assignment or function call and instead saw an expression  @typescript-eslint/no-unused-expressions
  1:130661  warning  Expected an assignment or function call and instead saw an expression  @typescript-eslint/no-unused-expressions
  1:130700  warning  Expected an assignment or function call and instead saw an expression  @typescript-eslint/no-unused-expressions
  1:130762  warning  Expected an assignment or function call and instead saw an expression  @typescript-eslint/no-unused-expressions
  1:130885  warning  Expected an assignment or function call and instead saw an expression  @typescript-eslint/no-unused-expressions
  1:130928  warning  Expected an assignment or function call and instead saw an expression  @typescript-eslint/no-unused-expressions
  1:131008  warning  Expected an assignment or function call and instead saw an expression  @typescript-eslint/no-unused-expressions
  1:131096  warning  Expected an assignment or function call and instead saw an expression  @typescript-eslint/no-unused-expressions
  1:131380  warning  Expected an assignment or function call and instead saw an expression  @typescript-eslint/no-unused-expressions
  1:131505  warning  Expected an assignment or function call and instead saw an expression  @typescript-eslint/no-unused-expressions
  1:131596  warning  Expected an assignment or function call and instead saw an expression  @typescript-eslint/no-unused-expressions
  1:131707  warning  Expected an assignment or function call and instead saw an expression  @typescript-eslint/no-unused-expressions
  1:131785  warning  Expected an assignment or function call and instead saw an expression  @typescript-eslint/no-unused-expressions
  1:131920  warning  Expected an assignment or function call and instead saw an expression  @typescript-eslint/no-unused-expressions
  1:132051  warning  'e' is defined but never used                                          @typescript-eslint/no-unused-vars
  1:132077  warning  Expected an assignment or function call and instead saw an expression  @typescript-eslint/no-unused-expressions
  1:132208  warning  Expected an assignment or function call and instead saw an expression  @typescript-eslint/no-unused-expressions
  1:132234  warning  Expected an assignment or function call and instead saw an expression  @typescript-eslint/no-unused-expressions
  1:132341  warning  Expected an assignment or function call and instead saw an expression  @typescript-eslint/no-unused-expressions
  1:132449  warning  Expected an assignment or function call and instead saw an expression  @typescript-eslint/no-unused-expressions
  1:132580  warning  Expected an assignment or function call and instead saw an expression  @typescript-eslint/no-unused-expressions
  1:132647  warning  Expected an assignment or function call and instead saw an expression  @typescript-eslint/no-unused-expressions
  1:132789  warning  Expected an assignment or function call and instead saw an expression  @typescript-eslint/no-unused-expressions
  1:132891  warning  Expected an assignment or function call and instead saw an expression  @typescript-eslint/no-unused-expressions
  1:132938  warning  Expected an assignment or function call and instead saw an expression  @typescript-eslint/no-unused-expressions
  1:133074  warning  Expected an assignment or function call and instead saw an expression  @typescript-eslint/no-unused-expressions
  1:133137  warning  Expected an assignment or function call and instead saw an expression  @typescript-eslint/no-unused-expressions
  1:133168  warning  Expected an assignment or function call and instead saw an expression  @typescript-eslint/no-unused-expressions
  1:133990  warning  Expected an assignment or function call and instead saw an expression  @typescript-eslint/no-unused-expressions
  1:134032  warning  Expected an assignment or function call and instead saw an expression  @typescript-eslint/no-unused-expressions
  1:134075  warning  Expected an assignment or function call and instead saw an expression  @typescript-eslint/no-unused-expressions
  1:134162  warning  Expected an assignment or function call and instead saw an expression  @typescript-eslint/no-unused-expressions
  1:134288  warning  Expected an assignment or function call and instead saw an expression  @typescript-eslint/no-unused-expressions
  1:134533  warning  Expected an assignment or function call and instead saw an expression  @typescript-eslint/no-unused-expressions
  1:134611  warning  Expected an assignment or function call and instead saw an expression  @typescript-eslint/no-unused-expressions
  1:134982  warning  Expected an assignment or function call and instead saw an expression  @typescript-eslint/no-unused-expressions
  1:135054  warning  Expected an assignment or function call and instead saw an expression  @typescript-eslint/no-unused-expressions
  1:135659  warning  Expected an assignment or function call and instead saw an expression  @typescript-eslint/no-unused-expressions
  1:136149  warning  Expected an assignment or function call and instead saw an expression  @typescript-eslint/no-unused-expressions
  1:136236  warning  Expected an assignment or function call and instead saw an expression  @typescript-eslint/no-unused-expressions
  1:136344  warning  Expected an assignment or function call and instead saw an expression  @typescript-eslint/no-unused-expressions
  1:136573  warning  Expected an assignment or function call and instead saw an expression  @typescript-eslint/no-unused-expressions
  1:136796  warning  Expected an assignment or function call and instead saw an expression  @typescript-eslint/no-unused-expressions
  1:136838  warning  Expected an assignment or function call and instead saw an expression  @typescript-eslint/no-unused-expressions
  1:137012  warning  Expected an assignment or function call and instead saw an expression  @typescript-eslint/no-unused-expressions
  1:137048  warning  Expected an assignment or function call and instead saw an expression  @typescript-eslint/no-unused-expressions
  1:137268  warning  Expected an assignment or function call and instead saw an expression  @typescript-eslint/no-unused-expressions
  1:137349  warning  Expected an assignment or function call and instead saw an expression  @typescript-eslint/no-unused-expressions
  1:137454  warning  Expected an assignment or function call and instead saw an expression  @typescript-eslint/no-unused-expressions
  1:137571  warning  Expected an assignment or function call and instead saw an expression  @typescript-eslint/no-unused-expressions
  1:137609  warning  Expected an assignment or function call and instead saw an expression  @typescript-eslint/no-unused-expressions
  1:137699  warning  Expected an assignment or function call and instead saw an expression  @typescript-eslint/no-unused-expressions
  1:137879  warning  Expected an assignment or function call and instead saw an expression  @typescript-eslint/no-unused-expressions
  1:137958  warning  Expected an assignment or function call and instead saw an expression  @typescript-eslint/no-unused-expressions
  1:138204  warning  Expected an assignment or function call and instead saw an expression  @typescript-eslint/no-unused-expressions
  1:138274  warning  Expected an assignment or function call and instead saw an expression  @typescript-eslint/no-unused-expressions
  1:138355  warning  Expected an assignment or function call and instead saw an expression  @typescript-eslint/no-unused-expressions
  1:138419  warning  Expected an assignment or function call and instead saw an expression  @typescript-eslint/no-unused-expressions
  1:138483  warning  Expected an assignment or function call and instead saw an expression  @typescript-eslint/no-unused-expressions
  1:138528  warning  Expected an assignment or function call and instead saw an expression  @typescript-eslint/no-unused-expressions
  1:138728  warning  Expected an assignment or function call and instead saw an expression  @typescript-eslint/no-unused-expressions
  1:138938  warning  Expected an assignment or function call and instead saw an expression  @typescript-eslint/no-unused-expressions
  1:139000  warning  Expected an assignment or function call and instead saw an expression  @typescript-eslint/no-unused-expressions
  1:139125  warning  Expected an assignment or function call and instead saw an expression  @typescript-eslint/no-unused-expressions
  1:139303  warning  Expected an assignment or function call and instead saw an expression  @typescript-eslint/no-unused-expressions
  1:139423  warning  Expected an assignment or function call and instead saw an expression  @typescript-eslint/no-unused-expressions
  1:139472  warning  Expected an assignment or function call and instead saw an expression  @typescript-eslint/no-unused-expressions
  1:139855  warning  Expected an assignment or function call and instead saw an expression  @typescript-eslint/no-unused-expressions
  1:139961  warning  Expected an assignment or function call and instead saw an expression  @typescript-eslint/no-unused-expressions
  1:140050  warning  Expected an assignment or function call and instead saw an expression  @typescript-eslint/no-unused-expressions
  1:140074  warning  Expected an assignment or function call and instead saw an expression  @typescript-eslint/no-unused-expressions
  1:140253  warning  Expected an assignment or function call and instead saw an expression  @typescript-eslint/no-unused-expressions
  1:140310  warning  Expected an assignment or function call and instead saw an expression  @typescript-eslint/no-unused-expressions
  1:140382  warning  Expected an assignment or function call and instead saw an expression  @typescript-eslint/no-unused-expressions
  1:140623  warning  Expected an assignment or function call and instead saw an expression  @typescript-eslint/no-unused-expressions
  1:140813  warning  Expected an assignment or function call and instead saw an expression  @typescript-eslint/no-unused-expressions
  1:141266  warning  Expected an assignment or function call and instead saw an expression  @typescript-eslint/no-unused-expressions
  1:141316  warning  Expected an assignment or function call and instead saw an expression  @typescript-eslint/no-unused-expressions
  1:141396  warning  Expected an assignment or function call and instead saw an expression  @typescript-eslint/no-unused-expressions
  1:141475  warning  Expected an assignment or function call and instead saw an expression  @typescript-eslint/no-unused-expressions
  1:141538  warning  Expected an assignment or function call and instead saw an expression  @typescript-eslint/no-unused-expressions
  1:141852  warning  Expected an assignment or function call and instead saw an expression  @typescript-eslint/no-unused-expressions
  1:141912  warning  Expected an assignment or function call and instead saw an expression  @typescript-eslint/no-unused-expressions
  1:142178  warning  Expected an assignment or function call and instead saw an expression  @typescript-eslint/no-unused-expressions
  1:142406  warning  Expected an assignment or function call and instead saw an expression  @typescript-eslint/no-unused-expressions
  1:142435  warning  Expected an assignment or function call and instead saw an expression  @typescript-eslint/no-unused-expressions
  1:142476  warning  Expected an assignment or function call and instead saw an expression  @typescript-eslint/no-unused-expressions
  1:142600  warning  Expected an assignment or function call and instead saw an expression  @typescript-eslint/no-unused-expressions
  1:142724  warning  Expected an assignment or function call and instead saw an expression  @typescript-eslint/no-unused-expressions
  1:142814  warning  Expected an assignment or function call and instead saw an expression  @typescript-eslint/no-unused-expressions
  1:143261  warning  Expected an assignment or function call and instead saw an expression  @typescript-eslint/no-unused-expressions
  1:143337  warning  Expected an assignment or function call and instead saw an expression  @typescript-eslint/no-unused-expressions
  1:143499  warning  Expected an assignment or function call and instead saw an expression  @typescript-eslint/no-unused-expressions
  1:143854  warning  Expected an assignment or function call and instead saw an expression  @typescript-eslint/no-unused-expressions
  1:143921  warning  Expected an assignment or function call and instead saw an expression  @typescript-eslint/no-unused-expressions
  1:144056  warning  Expected an assignment or function call and instead saw an expression  @typescript-eslint/no-unused-expressions
  1:144206  warning  Expected an assignment or function call and instead saw an expression  @typescript-eslint/no-unused-expressions
  1:144258  warning  Expected an assignment or function call and instead saw an expression  @typescript-eslint/no-unused-expressions
  1:144436  warning  Expected an assignment or function call and instead saw an expression  @typescript-eslint/no-unused-expressions
  1:144484  warning  Expected an assignment or function call and instead saw an expression  @typescript-eslint/no-unused-expressions
  1:144629  warning  Expected an assignment or function call and instead saw an expression  @typescript-eslint/no-unused-expressions
  1:144692  warning  Expected an assignment or function call and instead saw an expression  @typescript-eslint/no-unused-expressions
  1:144938  warning  Expected an assignment or function call and instead saw an expression  @typescript-eslint/no-unused-expressions
  1:145084  warning  Expected an assignment or function call and instead saw an expression  @typescript-eslint/no-unused-expressions
  1:145174  warning  Expected an assignment or function call and instead saw an expression  @typescript-eslint/no-unused-expressions
  1:145205  warning  Expected an assignment or function call and instead saw an expression  @typescript-eslint/no-unused-expressions
  1:145258  warning  Expected an assignment or function call and instead saw an expression  @typescript-eslint/no-unused-expressions
  1:145554  warning  Expected an assignment or function call and instead saw an expression  @typescript-eslint/no-unused-expressions
  1:145649  warning  Expected an assignment or function call and instead saw an expression  @typescript-eslint/no-unused-expressions
  1:145711  warning  Expected an assignment or function call and instead saw an expression  @typescript-eslint/no-unused-expressions
  1:145925  warning  Expected an assignment or function call and instead saw an expression  @typescript-eslint/no-unused-expressions
  1:146092  warning  Expected an assignment or function call and instead saw an expression  @typescript-eslint/no-unused-expressions
  1:146244  warning  Expected an assignment or function call and instead saw an expression  @typescript-eslint/no-unused-expressions
  1:146311  warning  Expected an assignment or function call and instead saw an expression  @typescript-eslint/no-unused-expressions
  1:146381  warning  Expected an assignment or function call and instead saw an expression  @typescript-eslint/no-unused-expressions
  1:146485  warning  Expected an assignment or function call and instead saw an expression  @typescript-eslint/no-unused-expressions
  1:146685  warning  Expected an assignment or function call and instead saw an expression  @typescript-eslint/no-unused-expressions
  1:146770  warning  Expected an assignment or function call and instead saw an expression  @typescript-eslint/no-unused-expressions
  1:146806  warning  Expected an assignment or function call and instead saw an expression  @typescript-eslint/no-unused-expressions
  1:147116  warning  Expected an assignment or function call and instead saw an expression  @typescript-eslint/no-unused-expressions
  1:147200  warning  Expected an assignment or function call and instead saw an expression  @typescript-eslint/no-unused-expressions
  1:147309  warning  Expected an assignment or function call and instead saw an expression  @typescript-eslint/no-unused-expressions
  1:147616  warning  Expected an assignment or function call and instead saw an expression  @typescript-eslint/no-unused-expressions
  1:148213  warning  Expected an assignment or function call and instead saw an expression  @typescript-eslint/no-unused-expressions
  1:148374  warning  Expected an assignment or function call and instead saw an expression  @typescript-eslint/no-unused-expressions
  1:148483  warning  Expected an assignment or function call and instead saw an expression  @typescript-eslint/no-unused-expressions
  1:148815  warning  Expected an assignment or function call and instead saw an expression  @typescript-eslint/no-unused-expressions
  1:148940  warning  Expected an assignment or function call and instead saw an expression  @typescript-eslint/no-unused-expressions
  1:148995  warning  Expected an assignment or function call and instead saw an expression  @typescript-eslint/no-unused-expressions
  1:149020  warning  Expected an assignment or function call and instead saw an expression  @typescript-eslint/no-unused-expressions
  1:149033  warning  Expected an assignment or function call and instead saw an expression  @typescript-eslint/no-unused-expressions
  1:149138  warning  Expected an assignment or function call and instead saw an expression  @typescript-eslint/no-unused-expressions
  1:149315  warning  Expected an assignment or function call and instead saw an expression  @typescript-eslint/no-unused-expressions
  1:149381  warning  Expected an assignment or function call and instead saw an expression  @typescript-eslint/no-unused-expressions
  1:149420  warning  Expected an assignment or function call and instead saw an expression  @typescript-eslint/no-unused-expressions
  1:149458  warning  Expected an assignment or function call and instead saw an expression  @typescript-eslint/no-unused-expressions
  1:149496  warning  Expected an assignment or function call and instead saw an expression  @typescript-eslint/no-unused-expressions
  1:149700  warning  Expected an assignment or function call and instead saw an expression  @typescript-eslint/no-unused-expressions
  1:149981  warning  'e' is defined but never used                                          @typescript-eslint/no-unused-vars
  1:150038  warning  Expected an assignment or function call and instead saw an expression  @typescript-eslint/no-unused-expressions
  1:150150  warning  Expected an assignment or function call and instead saw an expression  @typescript-eslint/no-unused-expressions
  1:150203  warning  Expected an assignment or function call and instead saw an expression  @typescript-eslint/no-unused-expressions
  1:150485  warning  Expected an assignment or function call and instead saw an expression  @typescript-eslint/no-unused-expressions
  1:150535  warning  Expected an assignment or function call and instead saw an expression  @typescript-eslint/no-unused-expressions
  1:150630  warning  Expected an assignment or function call and instead saw an expression  @typescript-eslint/no-unused-expressions
  1:150943  warning  Expected an assignment or function call and instead saw an expression  @typescript-eslint/no-unused-expressions
  1:151819  warning  Expected an assignment or function call and instead saw an expression  @typescript-eslint/no-unused-expressions
  1:151849  warning  Expected an assignment or function call and instead saw an expression  @typescript-eslint/no-unused-expressions
  1:152220  warning  Expected an assignment or function call and instead saw an expression  @typescript-eslint/no-unused-expressions
  1:152565  warning  Expected an assignment or function call and instead saw an expression  @typescript-eslint/no-unused-expressions
  1:152646  warning  Expected an assignment or function call and instead saw an expression  @typescript-eslint/no-unused-expressions
  1:152705  warning  Expected an assignment or function call and instead saw an expression  @typescript-eslint/no-unused-expressions
  1:152851  warning  Expected an assignment or function call and instead saw an expression  @typescript-eslint/no-unused-expressions
  1:152983  warning  Expected an assignment or function call and instead saw an expression  @typescript-eslint/no-unused-expressions
  1:152997  warning  Expected an assignment or function call and instead saw an expression  @typescript-eslint/no-unused-expressions
  1:153119  warning  Expected an assignment or function call and instead saw an expression  @typescript-eslint/no-unused-expressions
  1:153174  warning  Expected an assignment or function call and instead saw an expression  @typescript-eslint/no-unused-expressions
  1:153251  warning  Expected an assignment or function call and instead saw an expression  @typescript-eslint/no-unused-expressions
  1:153577  warning  Expected an assignment or function call and instead saw an expression  @typescript-eslint/no-unused-expressions
  1:153627  warning  Expected an assignment or function call and instead saw an expression  @typescript-eslint/no-unused-expressions
  1:154043  warning  Expected an assignment or function call and instead saw an expression  @typescript-eslint/no-unused-expressions
  1:154215  warning  Expected an assignment or function call and instead saw an expression  @typescript-eslint/no-unused-expressions
  1:154332  warning  Expected an assignment or function call and instead saw an expression  @typescript-eslint/no-unused-expressions
  1:154377  warning  Expected an assignment or function call and instead saw an expression  @typescript-eslint/no-unused-expressions
  1:154473  warning  Expected an assignment or function call and instead saw an expression  @typescript-eslint/no-unused-expressions
  1:154504  warning  Expected an assignment or function call and instead saw an expression  @typescript-eslint/no-unused-expressions
  1:154708  warning  Expected an assignment or function call and instead saw an expression  @typescript-eslint/no-unused-expressions
  1:154956  warning  Expected an assignment or function call and instead saw an expression  @typescript-eslint/no-unused-expressions
  1:155046  warning  Expected an assignment or function call and instead saw an expression  @typescript-eslint/no-unused-expressions
  1:155079  warning  Expected an assignment or function call and instead saw an expression  @typescript-eslint/no-unused-expressions
  1:155151  warning  Expected an assignment or function call and instead saw an expression  @typescript-eslint/no-unused-expressions
  1:156282  warning  Expected an assignment or function call and instead saw an expression  @typescript-eslint/no-unused-expressions
  1:156749  warning  Expected an assignment or function call and instead saw an expression  @typescript-eslint/no-unused-expressions
  1:156826  warning  Expected an assignment or function call and instead saw an expression  @typescript-eslint/no-unused-expressions
  1:156868  warning  Expected an assignment or function call and instead saw an expression  @typescript-eslint/no-unused-expressions
  1:157906  warning  Expected an assignment or function call and instead saw an expression  @typescript-eslint/no-unused-expressions
  1:158032  warning  Expected an assignment or function call and instead saw an expression  @typescript-eslint/no-unused-expressions
  1:158187  warning  Expected an assignment or function call and instead saw an expression  @typescript-eslint/no-unused-expressions
  1:158691  warning  Expected an assignment or function call and instead saw an expression  @typescript-eslint/no-unused-expressions
  1:158797  warning  Expected an assignment or function call and instead saw an expression  @typescript-eslint/no-unused-expressions
  1:159019  warning  Expected an assignment or function call and instead saw an expression  @typescript-eslint/no-unused-expressions
  1:159160  warning  Expected an assignment or function call and instead saw an expression  @typescript-eslint/no-unused-expressions
  1:159287  warning  Expected an assignment or function call and instead saw an expression  @typescript-eslint/no-unused-expressions
  1:159468  warning  Expected an assignment or function call and instead saw an expression  @typescript-eslint/no-unused-expressions
  1:159614  warning  Expected an assignment or function call and instead saw an expression  @typescript-eslint/no-unused-expressions
  1:159834  warning  Expected an assignment or function call and instead saw an expression  @typescript-eslint/no-unused-expressions
  1:159942  warning  Expected an assignment or function call and instead saw an expression  @typescript-eslint/no-unused-expressions
  1:160217  warning  Expected an assignment or function call and instead saw an expression  @typescript-eslint/no-unused-expressions
  1:160274  warning  Expected an assignment or function call and instead saw an expression  @typescript-eslint/no-unused-expressions
  1:160290  warning  Expected an assignment or function call and instead saw an expression  @typescript-eslint/no-unused-expressions
  1:160750  warning  Expected an assignment or function call and instead saw an expression  @typescript-eslint/no-unused-expressions
  1:160807  warning  Expected an assignment or function call and instead saw an expression  @typescript-eslint/no-unused-expressions
  1:160823  warning  Expected an assignment or function call and instead saw an expression  @typescript-eslint/no-unused-expressions
  1:161851  warning  Expected an assignment or function call and instead saw an expression  @typescript-eslint/no-unused-expressions
  1:161945  warning  Expected an assignment or function call and instead saw an expression  @typescript-eslint/no-unused-expressions
  1:162220  warning  Expected an assignment or function call and instead saw an expression  @typescript-eslint/no-unused-expressions
  1:162313  warning  Expected an assignment or function call and instead saw an expression  @typescript-eslint/no-unused-expressions
  1:163599  warning  Expected an assignment or function call and instead saw an expression  @typescript-eslint/no-unused-expressions
  1:164548  warning  Expected an assignment or function call and instead saw an expression  @typescript-eslint/no-unused-expressions
  1:164710  warning  Expected an assignment or function call and instead saw an expression  @typescript-eslint/no-unused-expressions
  1:164891  warning  Expected an assignment or function call and instead saw an expression  @typescript-eslint/no-unused-expressions
  1:165047  warning  Expected an assignment or function call and instead saw an expression  @typescript-eslint/no-unused-expressions
  1:165306  warning  Expected an assignment or function call and instead saw an expression  @typescript-eslint/no-unused-expressions
  1:165389  warning  Expected an assignment or function call and instead saw an expression  @typescript-eslint/no-unused-expressions
  1:165427  warning  Expected an assignment or function call and instead saw an expression  @typescript-eslint/no-unused-expressions
  1:165837  warning  Expected an assignment or function call and instead saw an expression  @typescript-eslint/no-unused-expressions
  1:165879  warning  Expected an assignment or function call and instead saw an expression  @typescript-eslint/no-unused-expressions
  1:166198  warning  Expected an assignment or function call and instead saw an expression  @typescript-eslint/no-unused-expressions
  1:166226  warning  'e' is defined but never used                                          @typescript-eslint/no-unused-vars
  1:166437  warning  Expected an assignment or function call and instead saw an expression  @typescript-eslint/no-unused-expressions
  1:166809  warning  Expected an assignment or function call and instead saw an expression  @typescript-eslint/no-unused-expressions
  1:166859  warning  Expected an assignment or function call and instead saw an expression  @typescript-eslint/no-unused-expressions
  1:166935  warning  Expected an assignment or function call and instead saw an expression  @typescript-eslint/no-unused-expressions
  1:167035  warning  Expected an assignment or function call and instead saw an expression  @typescript-eslint/no-unused-expressions
  1:167060  warning  Expected an assignment or function call and instead saw an expression  @typescript-eslint/no-unused-expressions
  1:167220  warning  Expected an assignment or function call and instead saw an expression  @typescript-eslint/no-unused-expressions
  1:167306  warning  Expected an assignment or function call and instead saw an expression  @typescript-eslint/no-unused-expressions
  1:167391  warning  Expected an assignment or function call and instead saw an expression  @typescript-eslint/no-unused-expressions
  1:167409  warning  Expected an assignment or function call and instead saw an expression  @typescript-eslint/no-unused-expressions
  1:167962  warning  Expected an assignment or function call and instead saw an expression  @typescript-eslint/no-unused-expressions
  1:168443  warning  Expected an assignment or function call and instead saw an expression  @typescript-eslint/no-unused-expressions
  1:168636  warning  Expected an assignment or function call and instead saw an expression  @typescript-eslint/no-unused-expressions
  1:168708  warning  Expected an assignment or function call and instead saw an expression  @typescript-eslint/no-unused-expressions
  1:168930  warning  Expected an assignment or function call and instead saw an expression  @typescript-eslint/no-unused-expressions
  1:168994  warning  Expected an assignment or function call and instead saw an expression  @typescript-eslint/no-unused-expressions
  1:169403  warning  Expected an assignment or function call and instead saw an expression  @typescript-eslint/no-unused-expressions
  1:169489  warning  Expected an assignment or function call and instead saw an expression  @typescript-eslint/no-unused-expressions
  1:169563  warning  'e' is defined but never used                                          @typescript-eslint/no-unused-vars
  1:169681  warning  Expected an assignment or function call and instead saw an expression  @typescript-eslint/no-unused-expressions
  1:169754  warning  Expected an assignment or function call and instead saw an expression  @typescript-eslint/no-unused-expressions
  1:169887  warning  Expected an assignment or function call and instead saw an expression  @typescript-eslint/no-unused-expressions
  1:169937  warning  Expected an assignment or function call and instead saw an expression  @typescript-eslint/no-unused-expressions
  1:170368  warning  Expected an assignment or function call and instead saw an expression  @typescript-eslint/no-unused-expressions
  1:170617  warning  Expected an assignment or function call and instead saw an expression  @typescript-eslint/no-unused-expressions
  1:170820  warning  Expected an assignment or function call and instead saw an expression  @typescript-eslint/no-unused-expressions
  1:170988  warning  Expected an assignment or function call and instead saw an expression  @typescript-eslint/no-unused-expressions
  1:171131  warning  Expected an assignment or function call and instead saw an expression  @typescript-eslint/no-unused-expressions
  1:171186  warning  Expected an assignment or function call and instead saw an expression  @typescript-eslint/no-unused-expressions
  1:171213  warning  Expected an assignment or function call and instead saw an expression  @typescript-eslint/no-unused-expressions
  1:171231  warning  Expected an assignment or function call and instead saw an expression  @typescript-eslint/no-unused-expressions
  1:171345  warning  Expected an assignment or function call and instead saw an expression  @typescript-eslint/no-unused-expressions
  1:171423  warning  Expected an assignment or function call and instead saw an expression  @typescript-eslint/no-unused-expressions
  1:171494  warning  Expected an assignment or function call and instead saw an expression  @typescript-eslint/no-unused-expressions
  1:171818  warning  'e' is defined but never used                                          @typescript-eslint/no-unused-vars
  1:171835  warning  Expected an assignment or function call and instead saw an expression  @typescript-eslint/no-unused-expressions
  1:171973  warning  Expected an assignment or function call and instead saw an expression  @typescript-eslint/no-unused-expressions
  1:172076  warning  Expected an assignment or function call and instead saw an expression  @typescript-eslint/no-unused-expressions
  1:172124  warning  Expected an assignment or function call and instead saw an expression  @typescript-eslint/no-unused-expressions
  1:172254  warning  Expected an assignment or function call and instead saw an expression  @typescript-eslint/no-unused-expressions
  1:172497  warning  Expected an assignment or function call and instead saw an expression  @typescript-eslint/no-unused-expressions
  1:172756  warning  'e' is defined but never used                                          @typescript-eslint/no-unused-vars
  1:172777  warning  Expected an assignment or function call and instead saw an expression  @typescript-eslint/no-unused-expressions
  1:172817  warning  Expected an assignment or function call and instead saw an expression  @typescript-eslint/no-unused-expressions
  1:173132  warning  Expected an assignment or function call and instead saw an expression  @typescript-eslint/no-unused-expressions
  1:173318  warning  Expected an assignment or function call and instead saw an expression  @typescript-eslint/no-unused-expressions
  1:173364  warning  Expected an assignment or function call and instead saw an expression  @typescript-eslint/no-unused-expressions
  1:173462  warning  Expected an assignment or function call and instead saw an expression  @typescript-eslint/no-unused-expressions
  1:173671  warning  Expected an assignment or function call and instead saw an expression  @typescript-eslint/no-unused-expressions
  1:173764  warning  Expected an assignment or function call and instead saw an expression  @typescript-eslint/no-unused-expressions
  1:173889  warning  Expected an assignment or function call and instead saw an expression  @typescript-eslint/no-unused-expressions
  1:174017  warning  Expected an assignment or function call and instead saw an expression  @typescript-eslint/no-unused-expressions
  1:174105  warning  Expected an assignment or function call and instead saw an expression  @typescript-eslint/no-unused-expressions
  1:174192  warning  Expected an assignment or function call and instead saw an expression  @typescript-eslint/no-unused-expressions
  1:174456  warning  Expected an assignment or function call and instead saw an expression  @typescript-eslint/no-unused-expressions
  1:174483  warning  Expected an assignment or function call and instead saw an expression  @typescript-eslint/no-unused-expressions
  1:174668  warning  Expected an assignment or function call and instead saw an expression  @typescript-eslint/no-unused-expressions
  1:174814  warning  Expected an assignment or function call and instead saw an expression  @typescript-eslint/no-unused-expressions
  1:174911  warning  Expected an assignment or function call and instead saw an expression  @typescript-eslint/no-unused-expressions
  1:175094  warning  Expected an assignment or function call and instead saw an expression  @typescript-eslint/no-unused-expressions
  1:176414  warning  Expected an assignment or function call and instead saw an expression  @typescript-eslint/no-unused-expressions
  1:176685  warning  Expected an assignment or function call and instead saw an expression  @typescript-eslint/no-unused-expressions
  1:178282  warning  Expected an assignment or function call and instead saw an expression  @typescript-eslint/no-unused-expressions
  1:178328  warning  Expected an assignment or function call and instead saw an expression  @typescript-eslint/no-unused-expressions
  1:178476  warning  Expected an assignment or function call and instead saw an expression  @typescript-eslint/no-unused-expressions
  1:178522  warning  Expected an assignment or function call and instead saw an expression  @typescript-eslint/no-unused-expressions
  1:178579  warning  Expected an assignment or function call and instead saw an expression  @typescript-eslint/no-unused-expressions
  1:178628  warning  Expected an assignment or function call and instead saw an expression  @typescript-eslint/no-unused-expressions
  1:178689  warning  Expected an assignment or function call and instead saw an expression  @typescript-eslint/no-unused-expressions
  1:178798  warning  Expected an assignment or function call and instead saw an expression  @typescript-eslint/no-unused-expressions
  1:178830  warning  Expected an assignment or function call and instead saw an expression  @typescript-eslint/no-unused-expressions
  1:178929  warning  Expected an assignment or function call and instead saw an expression  @typescript-eslint/no-unused-expressions
  1:179073  warning  Expected an assignment or function call and instead saw an expression  @typescript-eslint/no-unused-expressions
  1:179914  warning  Expected an assignment or function call and instead saw an expression  @typescript-eslint/no-unused-expressions
  1:179950  warning  Expected an assignment or function call and instead saw an expression  @typescript-eslint/no-unused-expressions
  1:181024  warning  Expected an assignment or function call and instead saw an expression  @typescript-eslint/no-unused-expressions
  1:181104  warning  Expected an assignment or function call and instead saw an expression  @typescript-eslint/no-unused-expressions
  1:182034  warning  Expected an assignment or function call and instead saw an expression  @typescript-eslint/no-unused-expressions
  1:182189  warning  Expected an assignment or function call and instead saw an expression  @typescript-eslint/no-unused-expressions
  1:182242  warning  Expected an assignment or function call and instead saw an expression  @typescript-eslint/no-unused-expressions
  1:182414  warning  Expected an assignment or function call and instead saw an expression  @typescript-eslint/no-unused-expressions
  1:182703  warning  Expected an assignment or function call and instead saw an expression  @typescript-eslint/no-unused-expressions
  1:182795  warning  Expected an assignment or function call and instead saw an expression  @typescript-eslint/no-unused-expressions
  1:183856  warning  Expected an assignment or function call and instead saw an expression  @typescript-eslint/no-unused-expressions
  1:184170  warning  Expected an assignment or function call and instead saw an expression  @typescript-eslint/no-unused-expressions
  1:184859  warning  Expected an assignment or function call and instead saw an expression  @typescript-eslint/no-unused-expressions
  1:184991  warning  Expected an assignment or function call and instead saw an expression  @typescript-eslint/no-unused-expressions
  1:185266  warning  Expected an assignment or function call and instead saw an expression  @typescript-eslint/no-unused-expressions
  1:185364  warning  Expected an assignment or function call and instead saw an expression  @typescript-eslint/no-unused-expressions
  1:185779  warning  Expected an assignment or function call and instead saw an expression  @typescript-eslint/no-unused-expressions
  1:186564  warning  Expected an assignment or function call and instead saw an expression  @typescript-eslint/no-unused-expressions
  1:186612  warning  Expected an assignment or function call and instead saw an expression  @typescript-eslint/no-unused-expressions
  1:186658  warning  Expected an assignment or function call and instead saw an expression  @typescript-eslint/no-unused-expressions
  1:186707  warning  Expected an assignment or function call and instead saw an expression  @typescript-eslint/no-unused-expressions
  1:186903  warning  Expected an assignment or function call and instead saw an expression  @typescript-eslint/no-unused-expressions
  1:187388  warning  Expected an assignment or function call and instead saw an expression  @typescript-eslint/no-unused-expressions
  1:187619  warning  Expected an assignment or function call and instead saw an expression  @typescript-eslint/no-unused-expressions
  1:188107  warning  Expected an assignment or function call and instead saw an expression  @typescript-eslint/no-unused-expressions
  1:188228  warning  Expected an assignment or function call and instead saw an expression  @typescript-eslint/no-unused-expressions
  1:188405  warning  Expected an assignment or function call and instead saw an expression  @typescript-eslint/no-unused-expressions
  1:188545  warning  Expected an assignment or function call and instead saw an expression  @typescript-eslint/no-unused-expressions
  1:188666  warning  Expected an assignment or function call and instead saw an expression  @typescript-eslint/no-unused-expressions
  1:189825  warning  Expected an assignment or function call and instead saw an expression  @typescript-eslint/no-unused-expressions
  1:190010  warning  Expected an assignment or function call and instead saw an expression  @typescript-eslint/no-unused-expressions
  1:190059  warning  Expected an assignment or function call and instead saw an expression  @typescript-eslint/no-unused-expressions
  1:190107  warning  Expected an assignment or function call and instead saw an expression  @typescript-eslint/no-unused-expressions
  1:190501  warning  Expected an assignment or function call and instead saw an expression  @typescript-eslint/no-unused-expressions
  1:190626  warning  Expected an assignment or function call and instead saw an expression  @typescript-eslint/no-unused-expressions
  1:190817  warning  Expected an assignment or function call and instead saw an expression  @typescript-eslint/no-unused-expressions
  1:191067  warning  Expected an assignment or function call and instead saw an expression  @typescript-eslint/no-unused-expressions
  1:191751  warning  Expected an assignment or function call and instead saw an expression  @typescript-eslint/no-unused-expressions
  1:192142  warning  Expected an assignment or function call and instead saw an expression  @typescript-eslint/no-unused-expressions
  1:192290  warning  Expected an assignment or function call and instead saw an expression  @typescript-eslint/no-unused-expressions
  1:192484  warning  Expected an assignment or function call and instead saw an expression  @typescript-eslint/no-unused-expressions
  1:192588  warning  Expected an assignment or function call and instead saw an expression  @typescript-eslint/no-unused-expressions
  1:192928  warning  Expected an assignment or function call and instead saw an expression  @typescript-eslint/no-unused-expressions
  1:193008  warning  Expected an assignment or function call and instead saw an expression  @typescript-eslint/no-unused-expressions
  1:194300  warning  Expected an assignment or function call and instead saw an expression  @typescript-eslint/no-unused-expressions
  1:194555  warning  Expected an assignment or function call and instead saw an expression  @typescript-eslint/no-unused-expressions
  1:194663  warning  Expected an assignment or function call and instead saw an expression  @typescript-eslint/no-unused-expressions
  1:195108  warning  Expected an assignment or function call and instead saw an expression  @typescript-eslint/no-unused-expressions
  1:195443  warning  Expected an assignment or function call and instead saw an expression  @typescript-eslint/no-unused-expressions
  1:195470  warning  Expected an assignment or function call and instead saw an expression  @typescript-eslint/no-unused-expressions
  1:195788  warning  Expected an assignment or function call and instead saw an expression  @typescript-eslint/no-unused-expressions
  1:196979  warning  Expected an assignment or function call and instead saw an expression  @typescript-eslint/no-unused-expressions
  1:197061  warning  Expected an assignment or function call and instead saw an expression  @typescript-eslint/no-unused-expressions
  1:197288  warning  Expected an assignment or function call and instead saw an expression  @typescript-eslint/no-unused-expressions
  1:197871  warning  Expected an assignment or function call and instead saw an expression  @typescript-eslint/no-unused-expressions
  1:198367  warning  Expected an assignment or function call and instead saw an expression  @typescript-eslint/no-unused-expressions
  1:198431  warning  Expected an assignment or function call and instead saw an expression  @typescript-eslint/no-unused-expressions
  1:198535  warning  Expected an assignment or function call and instead saw an expression  @typescript-eslint/no-unused-expressions
  1:198749  warning  Expected an assignment or function call and instead saw an expression  @typescript-eslint/no-unused-expressions
  1:198995  warning  Expected an assignment or function call and instead saw an expression  @typescript-eslint/no-unused-expressions
  1:199229  warning  Expected an assignment or function call and instead saw an expression  @typescript-eslint/no-unused-expressions
  1:199876  warning  Expected an assignment or function call and instead saw an expression  @typescript-eslint/no-unused-expressions
  1:200168  warning  Expected an assignment or function call and instead saw an expression  @typescript-eslint/no-unused-expressions
  1:200376  warning  Expected an assignment or function call and instead saw an expression  @typescript-eslint/no-unused-expressions
  1:200458  warning  Expected an assignment or function call and instead saw an expression  @typescript-eslint/no-unused-expressions
  1:200669  warning  Expected an assignment or function call and instead saw an expression  @typescript-eslint/no-unused-expressions
  1:201174  warning  Expected an assignment or function call and instead saw an expression  @typescript-eslint/no-unused-expressions
  1:201623  warning  Expected an assignment or function call and instead saw an expression  @typescript-eslint/no-unused-expressions
  1:201739  warning  Expected an assignment or function call and instead saw an expression  @typescript-eslint/no-unused-expressions
  1:201926  warning  Expected an assignment or function call and instead saw an expression  @typescript-eslint/no-unused-expressions
  1:202863  warning  Expected an assignment or function call and instead saw an expression  @typescript-eslint/no-unused-expressions
  1:203073  warning  Expected an assignment or function call and instead saw an expression  @typescript-eslint/no-unused-expressions
  1:205106  warning  Expected an assignment or function call and instead saw an expression  @typescript-eslint/no-unused-expressions
  1:205231  warning  Expected an assignment or function call and instead saw an expression  @typescript-eslint/no-unused-expressions
  1:205451  warning  Expected an assignment or function call and instead saw an expression  @typescript-eslint/no-unused-expressions
  1:205691  warning  Expected an assignment or function call and instead saw an expression  @typescript-eslint/no-unused-expressions
  1:206035  warning  Expected an assignment or function call and instead saw an expression  @typescript-eslint/no-unused-expressions
  1:206085  warning  Expected an assignment or function call and instead saw an expression  @typescript-eslint/no-unused-expressions
  1:206530  warning  Expected an assignment or function call and instead saw an expression  @typescript-eslint/no-unused-expressions
  1:206596  warning  Expected an assignment or function call and instead saw an expression  @typescript-eslint/no-unused-expressions
  1:206647  warning  Expected an assignment or function call and instead saw an expression  @typescript-eslint/no-unused-expressions
  1:206766  warning  Expected an assignment or function call and instead saw an expression  @typescript-eslint/no-unused-expressions
  1:207243  warning  Expected an assignment or function call and instead saw an expression  @typescript-eslint/no-unused-expressions
  1:207861  warning  Expected an assignment or function call and instead saw an expression  @typescript-eslint/no-unused-expressions
  1:208018  warning  Expected an assignment or function call and instead saw an expression  @typescript-eslint/no-unused-expressions
  1:208424  warning  Expected an assignment or function call and instead saw an expression  @typescript-eslint/no-unused-expressions
  1:208533  warning  Expected an assignment or function call and instead saw an expression  @typescript-eslint/no-unused-expressions
  1:208585  warning  Expected an assignment or function call and instead saw an expression  @typescript-eslint/no-unused-expressions
  1:208739  warning  Expected an assignment or function call and instead saw an expression  @typescript-eslint/no-unused-expressions
  1:208887  warning  Expected an assignment or function call and instead saw an expression  @typescript-eslint/no-unused-expressions
  1:209219  warning  Expected an assignment or function call and instead saw an expression  @typescript-eslint/no-unused-expressions
  1:210450  warning  Expected an assignment or function call and instead saw an expression  @typescript-eslint/no-unused-expressions
  1:210563  warning  Expected an assignment or function call and instead saw an expression  @typescript-eslint/no-unused-expressions
  1:211832  warning  Expected an assignment or function call and instead saw an expression  @typescript-eslint/no-unused-expressions
  1:211958  warning  Expected an assignment or function call and instead saw an expression  @typescript-eslint/no-unused-expressions
  1:212685  warning  Expected an assignment or function call and instead saw an expression  @typescript-eslint/no-unused-expressions
  1:212804  warning  Expected an assignment or function call and instead saw an expression  @typescript-eslint/no-unused-expressions
  1:212965  warning  Expected an assignment or function call and instead saw an expression  @typescript-eslint/no-unused-expressions
  1:213208  warning  Expected an assignment or function call and instead saw an expression  @typescript-eslint/no-unused-expressions
  1:213514  warning  Expected an assignment or function call and instead saw an expression  @typescript-eslint/no-unused-expressions
  1:213950  warning  Expected an assignment or function call and instead saw an expression  @typescript-eslint/no-unused-expressions
  1:214241  warning  Expected an assignment or function call and instead saw an expression  @typescript-eslint/no-unused-expressions
  1:214278  warning  Expected an assignment or function call and instead saw an expression  @typescript-eslint/no-unused-expressions
  1:214314  warning  Expected an assignment or function call and instead saw an expression  @typescript-eslint/no-unused-expressions
  1:214368  warning  Expected an assignment or function call and instead saw an expression  @typescript-eslint/no-unused-expressions
  1:214551  warning  Expected an assignment or function call and instead saw an expression  @typescript-eslint/no-unused-expressions
  1:214681  warning  Expected an assignment or function call and instead saw an expression  @typescript-eslint/no-unused-expressions
  1:214777  warning  Expected an assignment or function call and instead saw an expression  @typescript-eslint/no-unused-expressions
  1:214794  warning  Expected an assignment or function call and instead saw an expression  @typescript-eslint/no-unused-expressions
  1:215226  warning  Expected an assignment or function call and instead saw an expression  @typescript-eslint/no-unused-expressions
  1:216186  warning  Expected an assignment or function call and instead saw an expression  @typescript-eslint/no-unused-expressions
  1:216495  warning  Expected an assignment or function call and instead saw an expression  @typescript-eslint/no-unused-expressions
  1:216592  warning  Expected an assignment or function call and instead saw an expression  @typescript-eslint/no-unused-expressions
  1:216706  warning  Expected an assignment or function call and instead saw an expression  @typescript-eslint/no-unused-expressions
  1:216799  warning  Expected an assignment or function call and instead saw an expression  @typescript-eslint/no-unused-expressions
  1:216825  warning  Expected an assignment or function call and instead saw an expression  @typescript-eslint/no-unused-expressions
  1:216892  warning  Expected an assignment or function call and instead saw an expression  @typescript-eslint/no-unused-expressions
  1:216918  warning  Expected an assignment or function call and instead saw an expression  @typescript-eslint/no-unused-expressions
  1:216983  warning  Expected an assignment or function call and instead saw an expression  @typescript-eslint/no-unused-expressions
  1:217657  warning  Expected an assignment or function call and instead saw an expression  @typescript-eslint/no-unused-expressions
  1:217685  warning  Expected an assignment or function call and instead saw an expression  @typescript-eslint/no-unused-expressions
  1:217748  warning  Expected an assignment or function call and instead saw an expression  @typescript-eslint/no-unused-expressions
  1:217843  warning  Expected an assignment or function call and instead saw an expression  @typescript-eslint/no-unused-expressions
  1:218255  warning  Expected an assignment or function call and instead saw an expression  @typescript-eslint/no-unused-expressions
  1:220597  warning  Expected an assignment or function call and instead saw an expression  @typescript-eslint/no-unused-expressions
  1:220688  warning  Expected an assignment or function call and instead saw an expression  @typescript-eslint/no-unused-expressions
  1:221106  warning  Expected an assignment or function call and instead saw an expression  @typescript-eslint/no-unused-expressions
  1:221183  warning  Expected an assignment or function call and instead saw an expression  @typescript-eslint/no-unused-expressions
  1:221216  warning  Expected an assignment or function call and instead saw an expression  @typescript-eslint/no-unused-expressions
  1:221356  warning  Expected an assignment or function call and instead saw an expression  @typescript-eslint/no-unused-expressions
  1:221489  warning  Expected an assignment or function call and instead saw an expression  @typescript-eslint/no-unused-expressions
  1:221568  warning  Expected an assignment or function call and instead saw an expression  @typescript-eslint/no-unused-expressions
  1:221719  warning  Expected an assignment or function call and instead saw an expression  @typescript-eslint/no-unused-expressions
  1:221853  warning  Expected an assignment or function call and instead saw an expression  @typescript-eslint/no-unused-expressions
  1:221982  warning  Expected an assignment or function call and instead saw an expression  @typescript-eslint/no-unused-expressions
  1:222064  warning  Expected an assignment or function call and instead saw an expression  @typescript-eslint/no-unused-expressions
  1:222236  warning  Expected an assignment or function call and instead saw an expression  @typescript-eslint/no-unused-expressions
  1:222385  warning  Expected an assignment or function call and instead saw an expression  @typescript-eslint/no-unused-expressions
  1:222472  warning  Expected an assignment or function call and instead saw an expression  @typescript-eslint/no-unused-expressions
  1:222645  warning  Expected an assignment or function call and instead saw an expression  @typescript-eslint/no-unused-expressions
  1:222762  warning  Expected an assignment or function call and instead saw an expression  @typescript-eslint/no-unused-expressions
  1:223091  warning  Expected an assignment or function call and instead saw an expression  @typescript-eslint/no-unused-expressions
  1:223340  warning  Expected an assignment or function call and instead saw an expression  @typescript-eslint/no-unused-expressions
  1:223620  warning  Expected an assignment or function call and instead saw an expression  @typescript-eslint/no-unused-expressions
  1:223833  warning  Expected an assignment or function call and instead saw an expression  @typescript-eslint/no-unused-expressions
  1:224537  warning  Expected an assignment or function call and instead saw an expression  @typescript-eslint/no-unused-expressions
  1:224587  warning  Expected an assignment or function call and instead saw an expression  @typescript-eslint/no-unused-expressions
  1:224616  warning  Expected an assignment or function call and instead saw an expression  @typescript-eslint/no-unused-expressions
  1:224682  warning  Expected an assignment or function call and instead saw an expression  @typescript-eslint/no-unused-expressions
  1:224711  warning  Expected an assignment or function call and instead saw an expression  @typescript-eslint/no-unused-expressions
  1:225174  warning  Expected an assignment or function call and instead saw an expression  @typescript-eslint/no-unused-expressions
  1:225364  warning  'e' is defined but never used                                          @typescript-eslint/no-unused-vars
  1:225369  warning  Expected an assignment or function call and instead saw an expression  @typescript-eslint/no-unused-expressions
  1:226233  warning  'r' is assigned a value but never used                                 @typescript-eslint/no-unused-vars
  1:226426  warning  'n' is defined but never used                                          @typescript-eslint/no-unused-vars
  1:226444  warning  Expected an assignment or function call and instead saw an expression  @typescript-eslint/no-unused-expressions
  1:227120  warning  Expected an assignment or function call and instead saw an expression  @typescript-eslint/no-unused-expressions
  1:227726  warning  Expected an assignment or function call and instead saw an expression  @typescript-eslint/no-unused-expressions
  1:227943  warning  Expected an assignment or function call and instead saw an expression  @typescript-eslint/no-unused-expressions
  1:228188  warning  Expected an assignment or function call and instead saw an expression  @typescript-eslint/no-unused-expressions
  1:228563  warning  Expected an assignment or function call and instead saw an expression  @typescript-eslint/no-unused-expressions
  1:228621  warning  Expected an assignment or function call and instead saw an expression  @typescript-eslint/no-unused-expressions
  1:228844  warning  'e' is defined but never used                                          @typescript-eslint/no-unused-vars
  1:228846  warning  't' is defined but never used                                          @typescript-eslint/no-unused-vars
  1:228848  warning  'n' is defined but never used                                          @typescript-eslint/no-unused-vars
  1:228865  warning  'n' is defined but never used                                          @typescript-eslint/no-unused-vars

/Users/sondre/Documents/App/speed-swift/website/.vercel/output/static/_next/static/chunks/3fntmmi971322.js
  1:142    warning  Expected an assignment or function call and instead saw an expression  @typescript-eslint/no-unused-expressions
  1:615    warning  Expected an assignment or function call and instead saw an expression  @typescript-eslint/no-unused-expressions
  1:651    warning  Expected an assignment or function call and instead saw an expression  @typescript-eslint/no-unused-expressions
  1:896    warning  Expected an assignment or function call and instead saw an expression  @typescript-eslint/no-unused-expressions
  1:1178   warning  Expected an assignment or function call and instead saw an expression  @typescript-eslint/no-unused-expressions
  1:1250   warning  Expected an assignment or function call and instead saw an expression  @typescript-eslint/no-unused-expressions
  1:1468   warning  Expected an assignment or function call and instead saw an expression  @typescript-eslint/no-unused-expressions
  1:1713   warning  Expected an assignment or function call and instead saw an expression  @typescript-eslint/no-unused-expressions
  1:2131   warning  Expected an assignment or function call and instead saw an expression  @typescript-eslint/no-unused-expressions
  1:2376   warning  Expected an assignment or function call and instead saw an expression  @typescript-eslint/no-unused-expressions
  1:2668   warning  Expected an assignment or function call and instead saw an expression  @typescript-eslint/no-unused-expressions
  1:3886   warning  Expected an assignment or function call and instead saw an expression  @typescript-eslint/no-unused-expressions
  1:4489   warning  Expected an assignment or function call and instead saw an expression  @typescript-eslint/no-unused-expressions
  1:5195   warning  Expected an assignment or function call and instead saw an expression  @typescript-eslint/no-unused-expressions
  1:5440   warning  Expected an assignment or function call and instead saw an expression  @typescript-eslint/no-unused-expressions
  1:5899   warning  Expected an assignment or function call and instead saw an expression  @typescript-eslint/no-unused-expressions
  1:6087   warning  Expected an assignment or function call and instead saw an expression  @typescript-eslint/no-unused-expressions
  1:6130   warning  Expected an assignment or function call and instead saw an expression  @typescript-eslint/no-unused-expressions
  1:6490   warning  Expected an assignment or function call and instead saw an expression  @typescript-eslint/no-unused-expressions
  1:6596   warning  Expected an assignment or function call and instead saw an expression  @typescript-eslint/no-unused-expressions
  1:6885   warning  Expected an assignment or function call and instead saw an expression  @typescript-eslint/no-unused-expressions
  1:8025   warning  Expected an assignment or function call and instead saw an expression  @typescript-eslint/no-unused-expressions
  1:8076   warning  Expected an assignment or function call and instead saw an expression  @typescript-eslint/no-unused-expressions
  1:9084   warning  'v' is defined but never used                                          @typescript-eslint/no-unused-vars
  1:9476   warning  Expected an assignment or function call and instead saw an expression  @typescript-eslint/no-unused-expressions
  1:9767   warning  Expected an assignment or function call and instead saw an expression  @typescript-eslint/no-unused-expressions
  1:10428  warning  Expected an assignment or function call and instead saw an expression  @typescript-eslint/no-unused-expressions
  1:10471  warning  Expected an assignment or function call and instead saw an expression  @typescript-eslint/no-unused-expressions
  1:10716  warning  Expected an assignment or function call and instead saw an expression  @typescript-eslint/no-unused-expressions
  1:10997  warning  Expected an assignment or function call and instead saw an expression  @typescript-eslint/no-unused-expressions
  1:11241  warning  Expected an assignment or function call and instead saw an expression  @typescript-eslint/no-unused-expressions
  1:11493  warning  Expected an assignment or function call and instead saw an expression  @typescript-eslint/no-unused-expressions
  1:11738  warning  Expected an assignment or function call and instead saw an expression  @typescript-eslint/no-unused-expressions
  1:11940  warning  Expected an assignment or function call and instead saw an expression  @typescript-eslint/no-unused-expressions
  1:12185  warning  Expected an assignment or function call and instead saw an expression  @typescript-eslint/no-unused-expressions
  1:12443  warning  Expected an assignment or function call and instead saw an expression  @typescript-eslint/no-unused-expressions
  1:12688  warning  Expected an assignment or function call and instead saw an expression  @typescript-eslint/no-unused-expressions
  1:12903  warning  Expected an assignment or function call and instead saw an expression  @typescript-eslint/no-unused-expressions
  1:13452  warning  Expected an assignment or function call and instead saw an expression  @typescript-eslint/no-unused-expressions
  1:13697  warning  Expected an assignment or function call and instead saw an expression  @typescript-eslint/no-unused-expressions
  1:14107  warning  Expected an assignment or function call and instead saw an expression  @typescript-eslint/no-unused-expressions
  1:14204  warning  Expected an assignment or function call and instead saw an expression  @typescript-eslint/no-unused-expressions

/Users/sondre/Documents/App/speed-swift/website/.vercel/output/static/_next/static/chunks/3t2z5s8s3-vxf.js
  1:3494   warning  Expected an assignment or function call and instead saw an expression  @typescript-eslint/no-unused-expressions
  1:4431   warning  Expected an assignment or function call and instead saw an expression  @typescript-eslint/no-unused-expressions
  1:4681   warning  Expected an assignment or function call and instead saw an expression  @typescript-eslint/no-unused-expressions
  1:4763   warning  Expected an assignment or function call and instead saw an expression  @typescript-eslint/no-unused-expressions
  1:4853   warning  Expected an assignment or function call and instead saw an expression  @typescript-eslint/no-unused-expressions
  1:5450   warning  Expected an assignment or function call and instead saw an expression  @typescript-eslint/no-unused-expressions
  1:5753   warning  Expected an assignment or function call and instead saw an expression  @typescript-eslint/no-unused-expressions
  1:6531   warning  'o' is defined but never used                                          @typescript-eslint/no-unused-vars
  1:6622   warning  Expected an assignment or function call and instead saw an expression  @typescript-eslint/no-unused-expressions
  1:7042   warning  Expected an assignment or function call and instead saw an expression  @typescript-eslint/no-unused-expressions
  1:7120   warning  Expected an assignment or function call and instead saw an expression  @typescript-eslint/no-unused-expressions
  1:7635   warning  'a' is defined but never used                                          @typescript-eslint/no-unused-vars
  1:7637   warning  'o' is defined but never used                                          @typescript-eslint/no-unused-vars
  1:7653   warning  Expected an assignment or function call and instead saw an expression  @typescript-eslint/no-unused-expressions
  1:8079   warning  Expected an assignment or function call and instead saw an expression  @typescript-eslint/no-unused-expressions
  1:8125   warning  Expected an assignment or function call and instead saw an expression  @typescript-eslint/no-unused-expressions
  1:8153   warning  Expected an assignment or function call and instead saw an expression  @typescript-eslint/no-unused-expressions
  1:8245   warning  Expected an assignment or function call and instead saw an expression  @typescript-eslint/no-unused-expressions
  1:8599   warning  'j' is defined but never used                                          @typescript-eslint/no-unused-vars
  1:8704   warning  Expected an assignment or function call and instead saw an expression  @typescript-eslint/no-unused-expressions
  1:9029   warning  Expected an assignment or function call and instead saw an expression  @typescript-eslint/no-unused-expressions
  1:10440  warning  Expected an assignment or function call and instead saw an expression  @typescript-eslint/no-unused-expressions
  1:10817  warning  Expected an assignment or function call and instead saw an expression  @typescript-eslint/no-unused-expressions
  1:10982  warning  Expected an assignment or function call and instead saw an expression  @typescript-eslint/no-unused-expressions
  1:11552  warning  'w' is defined but never used                                          @typescript-eslint/no-unused-vars
  1:11572  warning  'v' is defined but never used                                          @typescript-eslint/no-unused-vars
  1:11696  warning  'O' is defined but never used                                          @typescript-eslint/no-unused-vars
  1:11707  warning  'R' is defined but never used                                          @typescript-eslint/no-unused-vars
  1:12284  warning  Expected an assignment or function call and instead saw an expression  @typescript-eslint/no-unused-expressions
  2:169    warning  'r' is assigned a value but never used                                 @typescript-eslint/no-unused-vars
  2:198    warning  Expected an assignment or function call and instead saw an expression  @typescript-eslint/no-unused-expressions
  2:310    warning  Expected an assignment or function call and instead saw an expression  @typescript-eslint/no-unused-expressions
  2:372    warning  Expected an assignment or function call and instead saw an expression  @typescript-eslint/no-unused-expressions
  2:1240   warning  Expected an assignment or function call and instead saw an expression  @typescript-eslint/no-unused-expressions
  2:1300   warning  Expected an assignment or function call and instead saw an expression  @typescript-eslint/no-unused-expressions
  2:2369   warning  Expected an assignment or function call and instead saw an expression  @typescript-eslint/no-unused-expressions
  2:3392   warning  Expected an assignment or function call and instead saw an expression  @typescript-eslint/no-unused-expressions
  2:4343   warning  Expected an assignment or function call and instead saw an expression  @typescript-eslint/no-unused-expressions
  2:4404   warning  Expected an assignment or function call and instead saw an expression  @typescript-eslint/no-unused-expressions
  2:4543   warning  Expected an assignment or function call and instead saw an expression  @typescript-eslint/no-unused-expressions
  2:4604   warning  Expected an assignment or function call and instead saw an expression  @typescript-eslint/no-unused-expressions
  2:4903   warning  Expected an assignment or function call and instead saw an expression  @typescript-eslint/no-unused-expressions
  2:5918   warning  Expected an assignment or function call and instead saw an expression  @typescript-eslint/no-unused-expressions
  2:6081   warning  Expected an assignment or function call and instead saw an expression  @typescript-eslint/no-unused-expressions
  2:6350   warning  Expected an assignment or function call and instead saw an expression  @typescript-eslint/no-unused-expressions
  2:7407   warning  Expected an assignment or function call and instead saw an expression  @typescript-eslint/no-unused-expressions
  2:7959   warning  Expected an assignment or function call and instead saw an expression  @typescript-eslint/no-unused-expressions
  2:8025   warning  'r' is defined but never used                                          @typescript-eslint/no-unused-vars
  2:8080   warning  Expected an assignment or function call and instead saw an expression  @typescript-eslint/no-unused-expressions
  2:8537   warning  Expected an assignment or function call and instead saw an expression  @typescript-eslint/no-unused-expressions
  3:348    warning  Expected an assignment or function call and instead saw an expression  @typescript-eslint/no-unused-expressions
  3:936    warning  Expected an assignment or function call and instead saw an expression  @typescript-eslint/no-unused-expressions
  3:1039   warning  Expected an assignment or function call and instead saw an expression  @typescript-eslint/no-unused-expressions
  3:2696   warning  Expected an assignment or function call and instead saw an expression  @typescript-eslint/no-unused-expressions
  3:3438   warning  Expected an assignment or function call and instead saw an expression  @typescript-eslint/no-unused-expressions
  3:3497   warning  Expected an assignment or function call and instead saw an expression  @typescript-eslint/no-unused-expressions
  3:3524   warning  Expected an assignment or function call and instead saw an expression  @typescript-eslint/no-unused-expressions
  3:3612   warning  Expected an assignment or function call and instead saw an expression  @typescript-eslint/no-unused-expressions
  3:3769   warning  Expected an assignment or function call and instead saw an expression  @typescript-eslint/no-unused-expressions
  3:3924   warning  Expected an assignment or function call and instead saw an expression  @typescript-eslint/no-unused-expressions
  3:4217   warning  Expected an assignment or function call and instead saw an expression  @typescript-eslint/no-unused-expressions
  3:4311   warning  Expected an assignment or function call and instead saw an expression  @typescript-eslint/no-unused-expressions
  3:4369   warning  Expected an assignment or function call and instead saw an expression  @typescript-eslint/no-unused-expressions
  3:4488   warning  Expected an assignment or function call and instead saw an expression  @typescript-eslint/no-unused-expressions
  3:4562   warning  Expected an assignment or function call and instead saw an expression  @typescript-eslint/no-unused-expressions
  3:4817   warning  Expected an assignment or function call and instead saw an expression  @typescript-eslint/no-unused-expressions
  3:6921   warning  Expected an assignment or function call and instead saw an expression  @typescript-eslint/no-unused-expressions
  3:7608   warning  'p' is assigned a value but never used                                 @typescript-eslint/no-unused-vars
  3:7648   warning  'g' is assigned a value but never used                                 @typescript-eslint/no-unused-vars
  3:8066   warning  Expected an assignment or function call and instead saw an expression  @typescript-eslint/no-unused-expressions
  3:9212   warning  Expected an assignment or function call and instead saw an expression  @typescript-eslint/no-unused-expressions
  3:9638   warning  Expected an assignment or function call and instead saw an expression  @typescript-eslint/no-unused-expressions

/Users/sondre/Documents/App/speed-swift/website/.vercel/output/static/_next/static/chunks/3yfl9fgvivx3-.js
  31:711   warning  Expected an assignment or function call and instead saw an expression                                                                                                                                                                                               @typescript-eslint/no-unused-expressions
  31:956   warning  Expected an assignment or function call and instead saw an expression                                                                                                                                                                                               @typescript-eslint/no-unused-expressions
  31:2046  warning  Expected an assignment or function call and instead saw an expression                                                                                                                                                                                               @typescript-eslint/no-unused-expressions
  31:2092  warning  Do not use `window.location.href` to navigate to internal Next.js pages. Use `redirect()` in the render phase, or `useRouter().push()` in Client Components' event handlers instead. See: https://nextjs.org/docs/messages/no-location-assign-relative-destination  @next/next/no-location-assign-relative-destination
  31:2227  warning  Expected an assignment or function call and instead saw an expression                                                                                                                                                                                               @typescript-eslint/no-unused-expressions
  31:2472  warning  Expected an assignment or function call and instead saw an expression                                                                                                                                                                                               @typescript-eslint/no-unused-expressions
  31:2966  warning  Expected an assignment or function call and instead saw an expression                                                                                                                                                                                               @typescript-eslint/no-unused-expressions
  31:3063  warning  Expected an assignment or function call and instead saw an expression                                                                                                                                                                                               @typescript-eslint/no-unused-expressions
  31:3314  warning  't' is assigned a value but never used                                                                                                                                                                                                                              @typescript-eslint/no-unused-vars
  31:3984  warning  Expected an assignment or function call and instead saw an expression                                                                                                                                                                                               @typescript-eslint/no-unused-expressions
  31:4229  warning  Expected an assignment or function call and instead saw an expression                                                                                                                                                                                               @typescript-eslint/no-unused-expressions
  31:4512  warning  Expected an assignment or function call and instead saw an expression                                                                                                                                                                                               @typescript-eslint/no-unused-expressions
  31:4757  warning  Expected an assignment or function call and instead saw an expression                                                                                                                                                                                               @typescript-eslint/no-unused-expressions
  31:5338  warning  Expected an assignment or function call and instead saw an expression                                                                                                                                                                                               @typescript-eslint/no-unused-expressions
  31:5583  warning  Expected an assignment or function call and instead saw an expression                                                                                                                                                                                               @typescript-eslint/no-unused-expressions
  31:6071  warning  Expected an assignment or function call and instead saw an expression                                                                                                                                                                                               @typescript-eslint/no-unused-expressions
  31:6738  warning  Expected an assignment or function call and instead saw an expression                                                                                                                                                                                               @typescript-eslint/no-unused-expressions
  31:6852  warning  Expected an assignment or function call and instead saw an expression                                                                                                                                                                                               @typescript-eslint/no-unused-expressions
  31:7405  warning  Expected an assignment or function call and instead saw an expression                                                                                                                                                                                               @typescript-eslint/no-unused-expressions
  31:7650  warning  Expected an assignment or function call and instead saw an expression                                                                                                                                                                                               @typescript-eslint/no-unused-expressions
  31:7931  warning  Expected an assignment or function call and instead saw an expression                                                                                                                                                                                               @typescript-eslint/no-unused-expressions
  31:8175  warning  Expected an assignment or function call and instead saw an expression                                                                                                                                                                                               @typescript-eslint/no-unused-expressions
  31:8331  warning  Expected an assignment or function call and instead saw an expression                                                                                                                                                                                               @typescript-eslint/no-unused-expressions
  31:9761  warning  Expected an assignment or function call and instead saw an expression                                                                                                                                                                                               @typescript-eslint/no-unused-expressions

/Users/sondre/Documents/App/speed-swift/website/.vercel/output/static/_next/static/chunks/40-tbo8ly58q7.js
  1:402    warning  'e' is defined but never used                                          @typescript-eslint/no-unused-vars
  1:630    warning  Expected an assignment or function call and instead saw an expression  @typescript-eslint/no-unused-expressions
  1:735    warning  Expected an assignment or function call and instead saw an expression  @typescript-eslint/no-unused-expressions
  1:860    warning  's' is defined but never used                                          @typescript-eslint/no-unused-vars
  1:878    warning  Expected an assignment or function call and instead saw an expression  @typescript-eslint/no-unused-expressions
  1:14223  warning  Expected an assignment or function call and instead saw an expression  @typescript-eslint/no-unused-expressions
  1:14334  warning  Expected an assignment or function call and instead saw an expression  @typescript-eslint/no-unused-expressions
  1:14406  warning  Expected an assignment or function call and instead saw an expression  @typescript-eslint/no-unused-expressions
  1:14947  warning  Expected an assignment or function call and instead saw an expression  @typescript-eslint/no-unused-expressions
  1:30013  warning  Expected an assignment or function call and instead saw an expression  @typescript-eslint/no-unused-expressions
  1:30678  warning  Expected an assignment or function call and instead saw an expression  @typescript-eslint/no-unused-expressions

/Users/sondre/Documents/App/speed-swift/website/.vercel/output/static/_next/static/chunks/turbopack-10rjf1l7pqb49.js
  1:1     warning  Expected an assignment or function call and instead saw an expression  @typescript-eslint/no-unused-expressions
  1:672   warning  Expected an assignment or function call and instead saw an expression  @typescript-eslint/no-unused-expressions
  1:800   warning  Expected an assignment or function call and instead saw an expression  @typescript-eslint/no-unused-expressions
  1:989   warning  Expected an assignment or function call and instead saw an expression  @typescript-eslint/no-unused-expressions
  1:1217  warning  Expected an assignment or function call and instead saw an expression  @typescript-eslint/no-unused-expressions
  1:1310  warning  Expected an assignment or function call and instead saw an expression  @typescript-eslint/no-unused-expressions
  1:1383  warning  Expected an assignment or function call and instead saw an expression  @typescript-eslint/no-unused-expressions
  1:1411  warning  Expected an assignment or function call and instead saw an expression  @typescript-eslint/no-unused-expressions
  1:1521  warning  Expected an assignment or function call and instead saw an expression  @typescript-eslint/no-unused-expressions
  1:2077  warning  Expected an assignment or function call and instead saw an expression  @typescript-eslint/no-unused-expressions
  1:2345  warning  Expected an assignment or function call and instead saw an expression  @typescript-eslint/no-unused-expressions
  1:2726  warning  Expected an assignment or function call and instead saw an expression  @typescript-eslint/no-unused-expressions
  1:3136  warning  Expected an assignment or function call and instead saw an expression  @typescript-eslint/no-unused-expressions
  1:3224  warning  Expected an assignment or function call and instead saw an expression  @typescript-eslint/no-unused-expressions
  1:3938  warning  't' is defined but never used                                          @typescript-eslint/no-unused-vars
  1:4070  warning  Expected an assignment or function call and instead saw an expression  @typescript-eslint/no-unused-expressions
  1:4115  warning  'e' is defined but never used                                          @typescript-eslint/no-unused-vars
  1:4239  warning  'j' is assigned a value but never used                                 @typescript-eslint/no-unused-vars
  1:4249  warning  '$' is assigned a value but never used                                 @typescript-eslint/no-unused-vars
  1:4512  warning  Expected an assignment or function call and instead saw an expression  @typescript-eslint/no-unused-expressions
  1:4730  warning  Expected an assignment or function call and instead saw an expression  @typescript-eslint/no-unused-expressions
  1:5158  warning  Expected an assignment or function call and instead saw an expression  @typescript-eslint/no-unused-expressions
  1:5686  warning  Expected an assignment or function call and instead saw an expression  @typescript-eslint/no-unused-expressions
  1:7052  warning  Expected an assignment or function call and instead saw an expression  @typescript-eslint/no-unused-expressions
  1:7245  warning  Expected an assignment or function call and instead saw an expression  @typescript-eslint/no-unused-expressions
  1:7322  warning  Expected an assignment or function call and instead saw an expression  @typescript-eslint/no-unused-expressions
  1:7345  warning  Expected an assignment or function call and instead saw an expression  @typescript-eslint/no-unused-expressions
  1:7416  warning  Expected an assignment or function call and instead saw an expression  @typescript-eslint/no-unused-expressions
  1:7588  warning  Expected an assignment or function call and instead saw an expression  @typescript-eslint/no-unused-expressions
  1:8420  warning  Expected an assignment or function call and instead saw an expression  @typescript-eslint/no-unused-expressions
  1:8746  warning  Expected an assignment or function call and instead saw an expression  @typescript-eslint/no-unused-expressions
  1:8822  warning  Expected an assignment or function call and instead saw an expression  @typescript-eslint/no-unused-expressions
  1:8864  warning  Expected an assignment or function call and instead saw an expression  @typescript-eslint/no-unused-expressions
  1:9459  warning  Expected an assignment or function call and instead saw an expression  @typescript-eslint/no-unused-expressions
  1:9606  warning  Expected an assignment or function call and instead saw an expression  @typescript-eslint/no-unused-expressions

/Users/sondre/Documents/App/speed-swift/website/src/components/Footer.tsx
  17:240  error  Do not use an `<a>` element to navigate to `/influencer/apply/`. Use `<Link />` from `next/link` instead. See: https://nextjs.org/docs/messages/no-html-link-for-pages  @next/next/no-html-link-for-pages
  17:240  error  Do not use an `<a>` element to navigate to `/influencer/apply/`. Use `<Link />` from `next/link` instead. See: https://nextjs.org/docs/messages/no-html-link-for-pages  @next/next/no-html-link-for-pages

/Users/sondre/Documents/App/speed-swift/website/src/components/admin/DetectionReviewDashboard.tsx
  368:15  warning  Do not use `window.location.href` to navigate to internal Next.js pages. Use `redirect()` in the render phase, or `useRouter().push()` in Client Components' event handlers instead. See: https://nextjs.org/docs/messages/no-location-assign-relative-destination  @next/next/no-location-assign-relative-destination
  704:9   warning  Do not use `window.location.href` to navigate to internal Next.js pages. Use `redirect()` in the render phase, or `useRouter().push()` in Client Components' event handlers instead. See: https://nextjs.org/docs/messages/no-location-assign-relative-destination  @next/next/no-location-assign-relative-destination

✖ 2466 problems (23 errors, 2443 warnings)

